timestamp_utc,dataset,model,run_id,device,seed,split_strategy,train_fraction,reduce_dim,pca_trigger_dim,pca_dim,max_density_dim,used_dim,n_micro,k_target,kmeans_n_init,kmeans_max_iter,dist_quantile,dist_thresh,b_boundary,d_model,n_heads,attn_hidden,n_transformer_layers,train_epochs,lr,weight_decay,train_nmi,train_ami,train_ari,train_fmi,train_sil,train_db,train_ch,train_acc,test_nmi,test_ami,test_ari,test_fmi,test_sil,test_db,test_ch,test_acc,results_txt,figures_dir,micro_graph_png,train_test_png,eps,min_samples,min_cluster_size,cluster_selection_epsilon,cluster_selection_method,k_neighbors,k_scale,full_gt_png,eps_min,eps_max,n_levels,chosen_eps,affinity,gamma,n_neighbors,assign_labels,knn_k,hidden_dim,embed_dim,dropout,epochs,metric_space,latent_dim,batch_size,pretrain_epochs,finetune_epochs,alpha,update_interval,temperature,edge_drop,feat_drop
2026-02-14T22:51:04Z,compound,gothic,compound_ID001,cpu,42,balanced,0.8,none,100,64,64,2,91,6,50,500,0.3,9.204446792602539,5,32,4,64,2,2000,0.001,0.0001,0.9809892580349647,0.9804589101512262,0.9905585538461333,0.9928886787601242,0.15391449630260468,4.262335481550676,394.7119706120344,0.9937304075235109,1.0000000000000002,1.0000000000000002,1.0,1.0,0.34007424116134644,1.5546701986691858,132.95351898730317,1.0,outputs\gothic\synthetic\compound_ID001\compound_results.txt,outputs\gothic\synthetic\compound_ID001\figures,outputs\gothic\synthetic\compound_ID001\figures\compound_micro_graph.png,outputs\gothic\synthetic\compound_ID001\figures\compound_train_test.png,,,,,,,,,,,,,,,,,,,,,,,,,,,,,,,
2026-02-14T22:51:13Z,compound,kmeans,compound_ID001,,42,balanced,0.8,,,,,,,6,50,500,,,,,,,,,,,0.7042771125231178,0.6966137147838839,0.5345128936459909,0.6391802157099387,0.4236024578264015,0.8504204015616522,698.3555834382684,0.6614420062695925,0.7689967746862288,0.7402202612710915,0.5929543088612091,0.6845944695510933,0.5716888828553971,0.6212947806787118,252.24551075017757,0.7375,outputs\kmeans\synthetic\compound_ID001\compound_kmeans_results.txt,outputs\kmeans\synthetic\compound_ID001\figures,,outputs\kmeans\synthetic\compound_ID001\figures\compound_kmeans_train_test.png,,,,,,,,,,,,,,,,,,,,,,,,,,,,,,,
2026-02-14T22:51:22Z,compound,dbscan,compound_ID001,,42,balanced,0.8,,,,,,,,,,,,,,,,,,,,0.0,0.0,0.0,0.49641366766578593,nan,nan,nan,0.3949843260188088,0.0,0.0,0.0,0.4907369812945898,nan,nan,nan,0.4,outputs\dbscan\synthetic\compound_ID001\compound_dbscan_results.txt,outputs\dbscan\synthetic\compound_ID001\figures,,outputs\dbscan\synthetic\compound_ID001\figures\compound_dbscan_train_test.png,0.2,5,,,,,,,,,,,,,,,,,,,,,,,,,,,,,
2026-02-14T22:51:31Z,compound,hdbscan,compound_ID001,,42,balanced,0.8,,,,,,,,,,,,,,,,,,,,0.7993845417644564,0.7956882779971632,0.7429081699561121,0.8297839546097469,0.498942707385467,0.9714081397179357,560.2114116392828,0.7523510971786834,0.8016172872588191,0.7870512015166428,0.7435430909085686,0.828727750679884,0.5442513568267499,0.5748803219879942,159.03553703836988,0.75,outputs\hdbscan\synthetic\compound_ID001\compound_hdbscan_results.txt,outputs\hdbscan\synthetic\compound_ID001\figures,,outputs\hdbscan\synthetic\compound_ID001\figures\compound_hdbscan_train_test.png,,5,5,0.0,eom,,,,,,,,,,,,,,,,,,,,,,,,,,
2026-02-14T22:51:45Z,compound,insdpc,compound_ID001,,42,balanced,0.8,,,,,,,6,,,,,,,,,,,,,0.7411319479869969,0.7342032620405271,0.5052511343749673,0.6201334878929593,0.5032955755159564,0.7129162928905305,578.9221757775942,0.6050156739811913,0.7786636663597616,0.7509642989519333,0.54703022345624,0.6534094344835838,0.47707626494988664,0.5989709980653651,146.9342848756379,0.675,outputs\insdpc\synthetic\compound_ID001\compound_insdpc_results.txt,outputs\insdpc\synthetic\compound_ID001\figures,,outputs\insdpc\synthetic\compound_ID001\figures\compound_insdpc_train_test.png,,,,,,30,,,,,,,,,,,,,,,,,,,,,,,,,
2026-02-14T22:51:55Z,compound,amd_dbscan,compound_ID001,,42,balanced,0.8,,,,,,,,,,,,,,,,,,,,0.0,0.0,0.0,0.49641366766578593,nan,nan,nan,0.3949843260188088,0.0,0.0,0.0,0.4907369812945898,nan,nan,nan,0.4,outputs\amd_dbscan\synthetic\compound_ID001\compound_amd_dbscan_results.txt,outputs\amd_dbscan\synthetic\compound_ID001\figures,,outputs\amd_dbscan\synthetic\compound_ID001\figures\compound_amd_dbscan_train_test.png,1.0,5,,,,,15,outputs\amd_dbscan\synthetic\compound_ID001\figures\compound_amd_dbscan_full_ground_truth.png,,,,,,,,,,,,,,,,,,,,,,,
2026-02-14T22:52:03Z,compound,mdbscan,compound_ID001,,42,balanced,0.8,,,,,,,,,,,,,,,,,,,,0.7225876479416744,0.7162670747942181,0.5124417726872487,0.6349195251443046,0.12781262295614707,1.3227526223758084,116.33623420722986,0.6175548589341693,0.5538983524082818,0.5043157973058006,0.26085445788320677,0.5054752588959184,0.014672621888003005,2.4624699243637496,18.634035159871026,0.5375,outputs\mdbscan\synthetic\compound_ID001\compound_mdbscan_results.txt,outputs\mdbscan\synthetic\compound_ID001\figures,,outputs\mdbscan\synthetic\compound_ID001\figures\compound_mdbscan_train_test.png,,5,,,,,,,0.05,1.0,10,1.0,,,,,,,,,,,,,,,,,,,
2026-02-14T22:52:11Z,compound,spectral,compound_ID001,,42,balanced,0.8,,,,,,,6,,,,,,,,,,,,,0.8439796998212422,0.8393652393885255,0.7923016679214565,0.8569398074588304,0.43204524174547515,0.6426121295222816,461.91472581845596,0.8463949843260188,0.8578776246185391,0.8410228849509388,0.8053423982460198,0.8634325501886998,0.5161014804173847,0.5826172514831347,136.71233008671413,0.8625,outputs\spectral\synthetic\compound_ID001\compound_spectral_results.txt,outputs\spectral\synthetic\compound_ID001\figures,,outputs\spectral\synthetic\compound_ID001\figures\compound_spectral_train_test.png,,,,,,,,,,,,,rbf,1.0,10,kmeans,,,,,,,,,,,,,,,
2026-02-14T22:52:19Z,compound,gnn,compound_ID001,,42,balanced,0.8,,,,,,,6,50,500,,,,,,,,,0.01,0.0001,0.44468585717362613,0.42979165013470466,0.2349383499849634,0.40675958655782746,0.4495563507080078,0.738144765024468,439.33443153351703,0.5360501567398119,0.6554397608679254,0.6182444137995756,0.5760053012189411,0.6896974972703012,0.5449970960617065,0.547124024892023,164.64709667196283,0.775,outputs\gnn\synthetic\compound_ID001\compound_gnn_results.txt,outputs\gnn\synthetic\compound_ID001\figures,,outputs\gnn\synthetic\compound_ID001\figures\compound_gnn_train_test.png,,,,,,,,,,,,,,,,,10,64,16,0.1,200,Z,,,,,,,,,
2026-02-14T22:52:28Z,compound,idec,compound_ID001,,42,balanced,0.8,,,,,,,6,,,,,,,,,,,0.001,0.0,0.7038037072529945,0.6961061572381754,0.5317270945702913,0.6370246197954633,0.4610047936439514,0.7416364472082493,858.000078931552,0.6614420062695925,0.8022405059786798,0.7775789459519858,0.6038244216640547,0.694037763532487,0.6445266008377075,0.4833324195956377,393.12198306354827,0.725,outputs\idec\synthetic\compound_ID001\compound_idec_results.txt,outputs\idec\synthetic\compound_ID001\figures,,outputs\idec\synthetic\compound_ID001\figures\compound_idec_train_test.png,,,,,,,,,,,,,,1.0,,,,128,,0.0,,Z,16,256,100,200,1.0,10,,,
2026-02-14T22:52:40Z,compound,gnn_contrastive,compound_ID001,,42,balanced,0.8,,,,,,,6,50,500,,,,,,,,,0.001,0.0001,0.601265319419959,0.5908740977330439,0.38342272622762164,0.5191392483427745,0.5062690377235413,0.623515029034505,634.0899096915849,0.6175548589341693,0.765547056884404,0.7363344306373444,0.720149666792127,0.7890991080358681,0.5232765674591064,0.6393039616324169,231.3935769589012,0.8125,outputs\gnn_contrastive\synthetic\compound_ID001\compound_gnn_contrastive_results.txt,outputs\gnn_contrastive\synthetic\compound_ID001\figures,,outputs\gnn_contrastive\synthetic\compound_ID001\figures\compound_gnn_contrastive_train_test.png,,,,,,,,,,,,,,,,,10,128,64,0.1,300,Z,,,,,,,0.2,0.2,0.2
2026-02-14T22:53:22Z,aggregation,gothic,aggregation_ID001,cpu,42,balanced,0.8,none,100,64,64,2,120,7,50,500,0.3,11.257903099060059,5,32,4,64,2,2000,0.001,0.0001,1.0000000000000002,1.0000000000000002,1.0,1.0,0.46417826414108276,0.5385118369147966,882.5289052772339,1.0,1.0,1.0,1.0,1.0,0.6498711705207825,0.40074961463843695,432.63798721015246,1.0,outputs\gothic\synthetic\aggregation_ID001\aggregation_results.txt,outputs\gothic\synthetic\aggregation_ID001\figures,outputs\gothic\synthetic\aggregation_ID001\figures\aggregation_micro_graph.png,outputs\gothic\synthetic\aggregation_ID001\figures\aggregation_train_test.png,,,,,,,,,,,,,,,,,,,,,,,,,,,,,,,
2026-02-14T22:53:30Z,aggregation,kmeans,aggregation_ID001,,42,balanced,0.8,,,,,,,7,50,500,,,,,,,,,,,0.8841468331398039,0.8821732864110619,0.7673120691262263,0.8198473585106449,0.47096131371518385,0.7582970615568783,1049.8004013475395,0.7777777777777778,0.9152620185898916,0.9086462682214416,0.785267622652008,0.8339251348823538,0.5733394673255534,0.6646143397974662,461.5670825360692,0.7848101265822784,outputs\kmeans\synthetic\aggregation_ID001\aggregation_kmeans_results.txt,outputs\kmeans\synthetic\aggregation_ID001\figures,,outputs\kmeans\synthetic\aggregation_ID001\figures\aggregation_kmeans_train_test.png,,,,,,,,,,,,,,,,,,,,,,,,,,,,,,,
2026-02-14T22:53:36Z,aggregation,dbscan,aggregation_ID001,,42,balanced,0.8,,,,,,,,,,,,,,,,,,,,0.0,0.0,0.0,0.4650014089698626,nan,nan,nan,0.346031746031746,0.0,0.0,0.0,0.461271182456934,nan,nan,nan,0.34810126582278483,outputs\dbscan\synthetic\aggregation_ID001\aggregation_dbscan_results.txt,outputs\dbscan\synthetic\aggregation_ID001\figures,,outputs\dbscan\synthetic\aggregation_ID001\figures\aggregation_dbscan_train_test.png,0.2,5,,,,,,,,,,,,,,,,,,,,,,,,,,,,,
2026-02-14T22:53:42Z,aggregation,hdbscan,aggregation_ID001,,42,balanced,0.8,,,,,,,,,,,,,,,,,,,,0.88939786197701,0.8879113126815349,0.8086742805756497,0.8650164496429287,0.3852829613100754,0.6626526708892432,550.7950697020159,0.8269841269841269,0.8894404050943971,0.8830572934465795,0.8064120776267785,0.8629245773444523,0.5490144883058724,0.47917732538083413,239.38170270847897,0.8291139240506329,outputs\hdbscan\synthetic\aggregation_ID001\aggregation_hdbscan_results.txt,outputs\hdbscan\synthetic\aggregation_ID001\figures,,outputs\hdbscan\synthetic\aggregation_ID001\figures\aggregation_hdbscan_train_test.png,,5,5,0.0,eom,,,,,,,,,,,,,,,,,,,,,,,,,,
2026-02-14T22:53:50Z,aggregation,insdpc,aggregation_ID001,,42,balanced,0.8,,,,,,,7,,,,,,,,,,,,,0.8348798629995005,0.8320446031690921,0.6515117519195117,0.7233852980577209,0.457356372388401,0.7633685199942437,987.4598285807057,0.7317460317460317,0.8362396886293068,0.8234135342058663,0.6522107198761803,0.7230268960246712,0.44136939349155435,0.8033374460801302,293.6260570296693,0.7341772151898734,outputs\insdpc\synthetic\aggregation_ID001\aggregation_insdpc_results.txt,outputs\insdpc\synthetic\aggregation_ID001\figures,,outputs\insdpc\synthetic\aggregation_ID001\figures\aggregation_insdpc_train_test.png,,,,,,30,,,,,,,,,,,,,,,,,,,,,,,,,
2026-02-14T22:53:56Z,aggregation,amd_dbscan,aggregation_ID001,,42,balanced,0.8,,,,,,,,,,,,,,,,,,,,0.88939786197701,0.8879113126815349,0.8086742805756497,0.8650164496429287,0.3852829613100754,0.6626526708892432,550.795069702016,0.8269841269841269,0.8894404050943971,0.8830572934465795,0.8064120776267785,0.8629245773444523,0.5490144883058724,0.4791773253808341,239.38170270847897,0.8291139240506329,outputs\amd_dbscan\synthetic\aggregation_ID001\aggregation_amd_dbscan_results.txt,outputs\amd_dbscan\synthetic\aggregation_ID001\figures,,outputs\amd_dbscan\synthetic\aggregation_ID001\figures\aggregation_amd_dbscan_train_test.png,1.0,5,,,,,15,outputs\amd_dbscan\synthetic\aggregation_ID001\figures\aggregation_amd_dbscan_full_ground_truth.png,,,,,,,,,,,,,,,,,,,,,,,
2026-02-14T22:54:03Z,aggregation,mdbscan,aggregation_ID001,,42,balanced,0.8,,,,,,,,,,,,,,,,,,,,0.6343124697947801,0.6069548599531533,0.481401777406449,0.5832349922060992,0.041708197570649024,1.1775707601088694,56.38586885524988,0.5333333333333333,0.6167257048605037,0.5375173579537245,0.4202840347924661,0.5474970542800579,-0.20467708452006977,1.1872512053440518,8.462204013779802,0.569620253164557,outputs\mdbscan\synthetic\aggregation_ID001\aggregation_mdbscan_results.txt,outputs\mdbscan\synthetic\aggregation_ID001\figures,,outputs\mdbscan\synthetic\aggregation_ID001\figures\aggregation_mdbscan_train_test.png,,5,,,,,,,0.05,1.0,10,1.0,,,,,,,,,,,,,,,,,,,
2026-02-14T22:54:11Z,aggregation,spectral,aggregation_ID001,,42,balanced,0.8,,,,,,,7,,,,,,,,,,,,,0.9861156134410051,0.9858612833393487,0.9899746622542441,0.9921431203480674,0.4671910748209657,0.5413182000941928,894.269486330447,0.9952380952380953,1.0,1.0,1.0,1.0,0.649871151199604,0.40074962887838644,432.6379930551561,1.0,outputs\spectral\synthetic\aggregation_ID001\aggregation_spectral_results.txt,outputs\spectral\synthetic\aggregation_ID001\figures,,outputs\spectral\synthetic\aggregation_ID001\figures\aggregation_spectral_train_test.png,,,,,,,,,,,,,rbf,1.0,10,kmeans,,,,,,,,,,,,,,,
2026-02-14T22:54:22Z,aggregation,gnn,aggregation_ID001,,42,balanced,0.8,,,,,,,7,50,500,,,,,,,,,0.01,0.0001,0.610238299641075,0.6035914382795603,0.3876438440992184,0.5065189941409515,0.4205082356929779,0.802895692209426,589.5879244442416,0.5333333333333333,0.675640924958079,0.6494932365943461,0.42703085777267885,0.5490346140771987,0.4182029366493225,0.6093576938444324,229.70491080816694,0.6075949367088608,outputs\gnn\synthetic\aggregation_ID001\aggregation_gnn_results.txt,outputs\gnn\synthetic\aggregation_ID001\figures,,outputs\gnn\synthetic\aggregation_ID001\figures\aggregation_gnn_train_test.png,,,,,,,,,,,,,,,,,10,64,16,0.1,200,Z,,,,,,,,,
2026-02-14T22:54:33Z,aggregation,idec,aggregation_ID001,,42,balanced,0.8,,,,,,,7,,,,,,,,,,,0.001,0.0,0.8140895546663249,0.8109242245115228,0.6551408852532701,0.7269910209075701,0.49961286783218384,0.674174388964566,1269.5135570442624,0.7555555555555555,0.8863035998642369,0.8773765733486291,0.7774584095645927,0.8253302727217084,0.5571930408477783,0.6581825678705694,448.2419861762944,0.879746835443038,outputs\idec\synthetic\aggregation_ID001\aggregation_idec_results.txt,outputs\idec\synthetic\aggregation_ID001\figures,,outputs\idec\synthetic\aggregation_ID001\figures\aggregation_idec_train_test.png,,,,,,,,,,,,,,1.0,,,,128,,0.0,,Z,16,256,100,200,1.0,10,,,
2026-02-14T22:54:51Z,aggregation,gnn_contrastive,aggregation_ID001,,42,balanced,0.8,,,,,,,7,50,500,,,,,,,,,0.001,0.0001,0.7017114727042784,0.6966004218739098,0.49492569789007174,0.5946322788452347,0.47662580013275146,0.672081872387192,735.9809916892214,0.6,0.7576260601713416,0.7383463560360591,0.5391130755008148,0.6335252862711038,0.5370601415634155,0.47806705838424296,310.46759159999846,0.6708860759493671,outputs\gnn_contrastive\synthetic\aggregation_ID001\aggregation_gnn_contrastive_results.txt,outputs\gnn_contrastive\synthetic\aggregation_ID001\figures,,outputs\gnn_contrastive\synthetic\aggregation_ID001\figures\aggregation_gnn_contrastive_train_test.png,,,,,,,,,,,,,,,,,10,128,64,0.1,300,Z,,,,,,,0.2,0.2,0.2
2026-02-14T22:55:33Z,d31,gothic,d31_ID001,cpu,42,balanced,0.8,none,100,64,64,2,85,31,50,500,0.3,9.102210998535156,5,32,4,64,2,2000,0.001,0.0001,0.9446162697345474,0.9411362025115381,0.9064294627294679,0.9094228321639365,0.5184043645858765,0.6219287838505657,5951.81390687435,0.9524193548387097,1.0,1.0,1.0,1.0,0.8232473134994507,0.26353760290128986,8597.178508562694,1.0,outputs\gothic\synthetic\d31_ID001\d31_results.txt,outputs\gothic\synthetic\d31_ID001\figures,outputs\gothic\synthetic\d31_ID001\figures\d31_micro_graph.png,outputs\gothic\synthetic\d31_ID001\figures\d31_train_test.png,,,,,,,,,,,,,,,,,,,,,,,,,,,,,,,
2026-02-14T22:55:42Z,d31,kmeans,d31_ID001,,42,balanced,0.8,,,,,,,31,50,500,,,,,,,,,,,0.9607210648957915,0.958254477277756,0.9405836544572027,0.942477898130773,0.5327696393694684,0.6095410957570105,6212.194990297185,0.9705645161290323,1.0,1.0,1.0,1.0,0.8232472924229804,0.2635376412180548,8597.178473255606,1.0,outputs\kmeans\synthetic\d31_ID001\d31_kmeans_results.txt,outputs\kmeans\synthetic\d31_ID001\figures,,outputs\kmeans\synthetic\d31_ID001\figures\d31_kmeans_train_test.png,,,,,,,,,,,,,,,,,,,,,,,,,,,,,,,
2026-02-14T22:55:49Z,d31,dbscan,d31_ID001,,42,balanced,0.8,,,,,,,,,,,,,,,,,,,,0.10358014679513165,0.05037462724236503,0.0004282668448123229,0.16925597381608914,-0.7210606846142324,1.480084136479048,4.609266153956414,0.075,0.016124384990251144,0.0031046308617960934,6.117694166075439e-05,0.17395424133345505,-0.3661444624330378,1.097575415311044,3.0664261961909047,0.04032258064516129,outputs\dbscan\synthetic\d31_ID001\d31_dbscan_results.txt,outputs\dbscan\synthetic\d31_ID001\figures,,outputs\dbscan\synthetic\d31_ID001\figures\d31_dbscan_train_test.png,0.2,5,,,,,,,,,,,,,,,,,,,,,,,,,,,,,
2026-02-14T22:55:57Z,d31,hdbscan,d31_ID001,,42,balanced,0.8,,,,,,,,,,,,,,,,,,,,0.7647499524100859,0.7545402133625456,0.32799156896402726,0.44478313298935734,0.3066515591963259,3.60040109304054,798.1433785419173,0.48185483870967744,0.8355692209040307,0.8051213766864754,0.3619635248833074,0.49023071560742143,0.49822356034054543,0.582427156525912,370.93959043868597,0.5290322580645161,outputs\hdbscan\synthetic\d31_ID001\d31_hdbscan_results.txt,outputs\hdbscan\synthetic\d31_ID001\figures,,outputs\hdbscan\synthetic\d31_ID001\figures\d31_hdbscan_train_test.png,,5,5,0.0,eom,,,,,,,,,,,,,,,,,,,,,,,,,,
2026-02-14T22:56:13Z,d31,insdpc,d31_ID001,,42,balanced,0.8,,,,,,,31,,,,,,,,,,,,,0.9450163443453237,0.9415628568202649,0.9102506261948873,0.9131145533225227,0.5231852927773089,0.6181609235932088,6025.044424787768,0.9548387096774194,0.9968990540427137,0.9959538342519038,0.9933462738058397,0.9935506342929614,0.8156486009384417,0.2690392925740099,7707.784289064316,0.9967741935483871,outputs\insdpc\synthetic\d31_ID001\d31_insdpc_results.txt,outputs\insdpc\synthetic\d31_ID001\figures,,outputs\insdpc\synthetic\d31_ID001\figures\d31_insdpc_train_test.png,,,,,,30,,,,,,,,,,,,,,,,,,,,,,,,,
2026-02-14T22:56:20Z,d31,amd_dbscan,d31_ID001,,42,balanced,0.8,,,,,,,,,,,,,,,,,,,,0.07969028013126431,0.07620816977991157,0.004376307006245932,0.1843658219162587,0.2284841783680209,0.6434099547297355,213.53333522276682,0.06451612903225806,0.07969028013126492,0.06575425509415675,0.004215898374660232,0.1809481455102845,0.2380761256680853,0.5930731264151449,55.14095723508608,0.06451612903225806,outputs\amd_dbscan\synthetic\d31_ID001\d31_amd_dbscan_results.txt,outputs\amd_dbscan\synthetic\d31_ID001\figures,,outputs\amd_dbscan\synthetic\d31_ID001\figures\d31_amd_dbscan_train_test.png,1.0,5,,,,,15,outputs\amd_dbscan\synthetic\d31_ID001\figures\d31_amd_dbscan_full_ground_truth.png,,,,,,,,,,,,,,,,,,,,,,,
2026-02-14T22:56:28Z,d31,mdbscan,d31_ID001,,42,balanced,0.8,,,,,,,,,,,,,,,,,,,,0.8058592927410179,0.7984884958210992,0.46977675562768434,0.5520522294410686,0.3701354478287025,1.5047020347802065,1175.435935407788,0.5173387096774194,0.8681786362948928,0.8460068106506311,0.4989657343286267,0.5940588621472002,0.5440359844902117,0.5399017872490649,647.6695628960136,0.5483870967741935,outputs\mdbscan\synthetic\d31_ID001\d31_mdbscan_results.txt,outputs\mdbscan\synthetic\d31_ID001\figures,,outputs\mdbscan\synthetic\d31_ID001\figures\d31_mdbscan_train_test.png,,5,,,,,,,0.05,1.0,10,0.5777777777777778,,,,,,,,,,,,,,,,,,,
2026-02-14T22:56:38Z,d31,spectral,d31_ID001,,42,balanced,0.8,,,,,,,31,,,,,,,,,,,,,0.959017226357939,0.9564435286372416,0.9373842925324589,0.9393809395255608,0.5323764260339199,0.6102792609028481,6200.525342800989,0.9689516129032258,1.0,1.0,1.0,1.0,0.8232472924229804,0.26353764121805473,8597.178473255606,1.0,outputs\spectral\synthetic\d31_ID001\d31_spectral_results.txt,outputs\spectral\synthetic\d31_ID001\figures,,outputs\spectral\synthetic\d31_ID001\figures\d31_spectral_train_test.png,,,,,,,,,,,,,rbf,1.0,10,kmeans,,,,,,,,,,,,,,,
2026-02-14T22:57:24Z,d31,gnn,d31_ID001,,42,balanced,0.8,,,,,,,31,50,500,,,,,,,,,0.01,0.0001,0.7740563869059379,0.7597258056120306,0.49548169548617,0.513105759399857,0.4127659797668457,0.776281678975684,3812.895285244069,0.569758064516129,0.8643004809100124,0.8256662429970698,0.6464743934293765,0.6619387808902962,0.4101104140281677,1.0109481111070169,1122.8361706568207,0.714516129032258,outputs\gnn\synthetic\d31_ID001\d31_gnn_results.txt,outputs\gnn\synthetic\d31_ID001\figures,,outputs\gnn\synthetic\d31_ID001\figures\d31_gnn_train_test.png,,,,,,,,,,,,,,,,,10,64,16,0.1,200,Z,,,,,,,,,
2026-02-14T22:57:40Z,d31,idec,d31_ID001,,42,balanced,0.8,,,,,,,31,,,,,,,,,,,0.001,0.0,0.9520853255431283,0.9490761062041065,0.9254145476092704,0.9277935982814053,0.5456787943840027,0.5929157152556374,6463.172482732976,0.9629032258064516,1.0,1.0,1.0,1.0,0.8312421441078186,0.25288769132425826,9109.74957032477,1.0,outputs\idec\synthetic\d31_ID001\d31_idec_results.txt,outputs\idec\synthetic\d31_ID001\figures,,outputs\idec\synthetic\d31_ID001\figures\d31_idec_train_test.png,,,,,,,,,,,,,,1.0,,,,128,,0.0,,Z,16,256,100,200,1.0,10,,,
2026-02-14T22:59:48Z,d31,gnn_contrastive,d31_ID001,,42,balanced,0.8,,,,,,,31,50,500,,,,,,,,,0.001,0.0001,0.8273457302976255,0.8163878854808115,0.627591595514361,0.6407168039004631,0.41559192538261414,0.7865850617805825,4634.991488199389,0.6963709677419355,0.9069612973944097,0.88112766266253,0.7465829447698987,0.7584664806515291,0.5642809271812439,0.601991268120181,1791.0175683999637,0.7919354838709678,outputs\gnn_contrastive\synthetic\d31_ID001\d31_gnn_contrastive_results.txt,outputs\gnn_contrastive\synthetic\d31_ID001\figures,,outputs\gnn_contrastive\synthetic\d31_ID001\figures\d31_gnn_contrastive_train_test.png,,,,,,,,,,,,,,,,,10,128,64,0.1,300,Z,,,,,,,0.2,0.2,0.2
2026-02-14T23:00:10Z,flame,gothic,flame_ID001,cpu,42,balanced,0.8,none,100,64,64,2,25,2,50,500,0.3,4.4777750968933105,5,32,4,64,2,2000,0.001,0.0001,0.9235326089125927,0.9232262263559753,0.9583873224093844,0.9805177262283746,0.2619384229183197,1.445007778509161,62.41696903216856,0.9895833333333334,1.0,1.0,1.0,1.0,0.6982829570770264,0.3842630148583901,122.44369024118586,1.0,outputs\gothic\synthetic\flame_ID001\flame_results.txt,outputs\gothic\synthetic\flame_ID001\figures,outputs\gothic\synthetic\flame_ID001\figures\flame_micro_graph.png,outputs\gothic\synthetic\flame_ID001\figures\flame_train_test.png,,,,,,,,,,,,,,,,,,,,,,,,,,,,,,,
2026-02-14T23:00:17Z,flame,kmeans,flame_ID001,,42,balanced,0.8,,,,,,,2,50,500,,,,,,,,,,,0.21967174148017324,0.2165880544856427,0.1859076090065013,0.6114548983292998,0.3567609303644286,1.1337512963370178,116.8361336449186,0.71875,0.8684803665683086,0.8662689617215993,0.9164333812514186,0.9605283978065118,0.656002521585828,0.4559513457098931,97.38011153972526,0.9791666666666666,outputs\kmeans\synthetic\flame_ID001\flame_kmeans_results.txt,outputs\kmeans\synthetic\flame_ID001\figures,,outputs\kmeans\synthetic\flame_ID001\figures\flame_kmeans_train_test.png,,,,,,,,,,,,,,,,,,,,,,,,,,,,,,,
2026-02-14T23:00:23Z,flame,dbscan,flame_ID001,,42,balanced,0.8,,,,,,,,,,,,,,,,,,,,0.0,0.0,0.0,0.7309237742061928,nan,nan,nan,0.6354166666666666,0.0,0.0,0.0,0.7299324752603602,nan,nan,nan,0.6458333333333334,outputs\dbscan\synthetic\flame_ID001\flame_dbscan_results.txt,outputs\dbscan\synthetic\flame_ID001\figures,,outputs\dbscan\synthetic\flame_ID001\figures\flame_dbscan_train_test.png,0.2,5,,,,,,,,,,,,,,,,,,,,,,,,,,,,,
2026-02-14T23:00:28Z,flame,hdbscan,flame_ID001,,42,balanced,0.8,,,,,,,,,,,,,,,,,,,,0.33885003859737634,0.33029830729173076,0.20414850725241787,0.5028714498183077,0.1041876587482084,2.0080412908871663,30.03063349893801,0.609375,0.4345903714294632,0.3966045514562742,0.35782955891490187,0.6277790210244599,0.02781348993909043,1.0121710391644845,18.68100742320637,0.8125,outputs\hdbscan\synthetic\flame_ID001\flame_hdbscan_results.txt,outputs\hdbscan\synthetic\flame_ID001\figures,,outputs\hdbscan\synthetic\flame_ID001\figures\flame_hdbscan_train_test.png,,5,5,0.0,eom,,,,,,,,,,,,,,,,,,,,,,,,,,
2026-02-14T23:00:34Z,flame,insdpc,flame_ID001,,42,balanced,0.8,,,,,,,2,,,,,,,,,,,,,1.0928127906509846e-05,-0.0039025160225898063,-0.004953830214848054,0.5137928146916666,0.3424478106414372,1.1908793538464137,112.48511460263599,0.5052083333333334,0.037930468326051035,0.022093724428988222,0.04288717721483185,0.5356014232600201,0.08231760164828379,3.456846033989171,3.5287881510434103,0.625,outputs\insdpc\synthetic\flame_ID001\flame_insdpc_results.txt,outputs\insdpc\synthetic\flame_ID001\figures,,outputs\insdpc\synthetic\flame_ID001\figures\flame_insdpc_train_test.png,,,,,,30,,,,,,,,,,,,,,,,,,,,,,,,,
2026-02-14T23:00:40Z,flame,amd_dbscan,flame_ID001,,42,balanced,0.8,,,,,,,,,,,,,,,,,,,,0.0,0.0,0.0,0.7309237742061928,nan,nan,nan,0.6354166666666666,0.0,0.0,0.0,0.7299324752603602,nan,nan,nan,0.6458333333333334,outputs\amd_dbscan\synthetic\flame_ID001\flame_amd_dbscan_results.txt,outputs\amd_dbscan\synthetic\flame_ID001\figures,,outputs\amd_dbscan\synthetic\flame_ID001\figures\flame_amd_dbscan_train_test.png,1.0,5,,,,,15,outputs\amd_dbscan\synthetic\flame_ID001\figures\flame_amd_dbscan_full_ground_truth.png,,,,,,,,,,,,,,,,,,,,,,,
2026-02-14T23:00:46Z,flame,mdbscan,flame_ID001,,42,balanced,0.8,,,,,,,,,,,,,,,,,,,,0.45685927686573197,0.44775592225428607,0.3652319635777398,0.6275022350575262,0.2040014497533543,0.8225422008844783,80.56090462396548,0.6041666666666666,0.38621308083214323,0.35356428890114483,0.21285588962437196,0.5407299470931722,0.07539417598300951,0.8895378864165983,15.163078923976494,0.5833333333333334,outputs\mdbscan\synthetic\flame_ID001\flame_mdbscan_results.txt,outputs\mdbscan\synthetic\flame_ID001\figures,,outputs\mdbscan\synthetic\flame_ID001\figures\flame_mdbscan_train_test.png,,5,,,,,,,0.05,1.0,10,1.0,,,,,,,,,,,,,,,,,,,
2026-02-14T23:00:52Z,flame,spectral,flame_ID001,,42,balanced,0.8,,,,,,,2,,,,,,,,,,,,,0.029712748611827183,0.0201107262241596,0.015646650035093367,0.7283631069996421,0.27472049198361126,0.5965679185510493,6.367373042572246,0.6458333333333334,0.0,0.0,0.0,0.7299324752603602,nan,nan,nan,0.6458333333333334,outputs\spectral\synthetic\flame_ID001\flame_spectral_results.txt,outputs\spectral\synthetic\flame_ID001\figures,,outputs\spectral\synthetic\flame_ID001\figures\flame_spectral_train_test.png,,,,,,,,,,,,,rbf,1.0,10,kmeans,,,,,,,,,,,,,,,
2026-02-14T23:01:00Z,flame,gnn,flame_ID001,,42,balanced,0.8,,,,,,,2,50,500,,,,,,,,,0.01,0.0001,0.23056463001696761,0.22735766981645925,0.08337124512188296,0.5919733649771938,0.5085694789886475,0.71481563159506,155.17264597812385,0.65625,0.1818678189502211,0.16579865857679635,-0.027305903215029168,0.583161336298698,0.3936915397644043,0.5602884462781539,36.1438111249282,0.5625,outputs\gnn\synthetic\flame_ID001\flame_gnn_results.txt,outputs\gnn\synthetic\flame_ID001\figures,,outputs\gnn\synthetic\flame_ID001\figures\flame_gnn_train_test.png,,,,,,,,,,,,,,,,,10,64,16,0.1,200,Z,,,,,,,,,
2026-02-14T23:01:07Z,flame,idec,flame_ID001,,42,balanced,0.8,,,,,,,2,,,,,,,,,,,0.001,0.0,0.24048014844618568,0.2374304327633164,0.15703344161087696,0.6062146433188793,0.4355506896972656,0.8777994453168889,182.07876705428492,0.703125,0.6036456391889085,0.5971460936062211,0.6191487223297067,0.8147910977499837,0.5384040474891663,0.6771108598071139,66.80505698953415,0.8958333333333334,outputs\idec\synthetic\flame_ID001\flame_idec_results.txt,outputs\idec\synthetic\flame_ID001\figures,,outputs\idec\synthetic\flame_ID001\figures\flame_idec_train_test.png,,,,,,,,,,,,,,1.0,,,,128,,0.0,,Z,16,256,100,200,1.0,10,,,
2026-02-14T23:01:16Z,flame,gnn_contrastive,flame_ID001,,42,balanced,0.8,,,,,,,2,50,500,,,,,,,,,0.001,0.0001,0.2355980129628303,0.2324232692696708,0.09060991531198315,0.5933954347049651,0.6046987175941467,0.5203346752048071,344.32584878026597,0.6614583333333334,0.25367811293288056,0.24041987761653602,0.05593952483801296,0.5798899620953887,0.470986932516098,0.5823413694623106,60.4615195715518,0.6458333333333334,outputs\gnn_contrastive\synthetic\flame_ID001\flame_gnn_contrastive_results.txt,outputs\gnn_contrastive\synthetic\flame_ID001\figures,,outputs\gnn_contrastive\synthetic\flame_ID001\figures\flame_gnn_contrastive_train_test.png,,,,,,,,,,,,,,,,,10,128,64,0.1,300,Z,,,,,,,0.2,0.2,0.2
2026-02-14T23:01:41Z,jain,gothic,jain_ID001,cpu,42,balanced,0.8,none,100,64,64,2,50,2,50,500,0.3,10.584329605102539,5,32,4,64,2,2000,0.001,0.0001,1.0,1.0,1.0,1.0,0.40136051177978516,0.935560700903204,222.8930203965869,1.0,1.0,1.0,1.0,1.0,0.45326146483421326,0.6615567911776566,73.74036949550181,1.0,outputs\gothic\synthetic\jain_ID001\jain_results.txt,outputs\gothic\synthetic\jain_ID001\figures,outputs\gothic\synthetic\jain_ID001\figures\jain_micro_graph.png,outputs\gothic\synthetic\jain_ID001\figures\jain_train_test.png,,,,,,,,,,,,,,,,,,,,,,,,,,,,,,,
2026-02-14T23:01:48Z,jain,kmeans,jain_ID001,,42,balanced,0.8,,,,,,,2,50,500,,,,,,,,,,,0.32195285764694515,0.3201456229636371,0.24636287778754667,0.6642624026935913,0.5007033798768037,0.7640222392894676,416.5788246184205,0.7491638795986622,0.3861610911719369,0.3793090296735422,0.3145120003500558,0.6938191810371104,0.6037446312779902,0.6124013239673233,156.3572288599946,0.7837837837837838,outputs\kmeans\synthetic\jain_ID001\jain_kmeans_results.txt,outputs\kmeans\synthetic\jain_ID001\figures,,outputs\kmeans\synthetic\jain_ID001\figures\jain_kmeans_train_test.png,,,,,,,,,,,,,,,,,,,,,,,,,,,,,,,
2026-02-14T23:01:53Z,jain,dbscan,jain_ID001,,42,balanced,0.8,,,,,,,,,,,,,,,,,,,,0.0,0.0,0.0,0.7829895646186619,nan,nan,nan,0.7391304347826086,0.0,0.0,0.0,0.7830110196809962,nan,nan,nan,0.7432432432432432,outputs\dbscan\synthetic\jain_ID001\jain_dbscan_results.txt,outputs\dbscan\synthetic\jain_ID001\figures,,outputs\dbscan\synthetic\jain_ID001\figures\jain_dbscan_train_test.png,0.2,5,,,,,,,,,,,,,,,,,,,,,,,,,,,,,
2026-02-14T23:01:59Z,jain,hdbscan,jain_ID001,,42,balanced,0.8,,,,,,,,,,,,,,,,,,,,0.7638238996878978,0.7615986315408476,0.89632117141647,0.9580403545689932,0.20557443205008566,1.5006013044828541,78.65497295387779,0.822742474916388,0.8767682344759108,0.873796243539532,0.9399555048624875,0.976165227164253,0.3332671750167123,0.7290433460733056,40.56436494899233,0.8243243243243243,outputs\hdbscan\synthetic\jain_ID001\jain_hdbscan_results.txt,outputs\hdbscan\synthetic\jain_ID001\figures,,outputs\hdbscan\synthetic\jain_ID001\figures\jain_hdbscan_train_test.png,,5,5,0.0,eom,,,,,,,,,,,,,,,,,,,,,,,,,,
2026-02-14T23:02:04Z,jain,insdpc,jain_ID001,,42,balanced,0.8,,,,,,,2,,,,,,,,,,,,,0.20719248536784765,0.20497016533521945,0.002056481241146154,0.58566862742894,0.4492685575989264,0.7268950203799925,286.680611024562,0.5886287625418061,0.09036676460090269,0.07601976302337889,-0.09684511223446711,0.652796993668087,0.36005457752244946,0.7247527550179885,27.24527713974223,0.6081081081081081,outputs\insdpc\synthetic\jain_ID001\jain_insdpc_results.txt,outputs\insdpc\synthetic\jain_ID001\figures,,outputs\insdpc\synthetic\jain_ID001\figures\jain_insdpc_train_test.png,,,,,,30,,,,,,,,,,,,,,,,,,,,,,,,,
2026-02-14T23:02:10Z,jain,amd_dbscan,jain_ID001,,42,balanced,0.8,,,,,,,,,,,,,,,,,,,,0.0,0.0,0.0,0.7829895646186619,nan,nan,nan,0.7391304347826086,0.0,0.0,0.0,0.7830110196809962,nan,nan,nan,0.7432432432432432,outputs\amd_dbscan\synthetic\jain_ID001\jain_amd_dbscan_results.txt,outputs\amd_dbscan\synthetic\jain_ID001\figures,,outputs\amd_dbscan\synthetic\jain_ID001\figures\jain_amd_dbscan_train_test.png,1.0,5,,,,,15,outputs\amd_dbscan\synthetic\jain_ID001\figures\jain_amd_dbscan_full_ground_truth.png,,,,,,,,,,,,,,,,,,,,,,,
2026-02-14T23:02:16Z,jain,mdbscan,jain_ID001,,42,balanced,0.8,,,,,,,,,,,,,,,,,,,,0.2678316290195566,0.25509831091484886,0.05318488909407509,0.3636205027396911,0.10340553040162806,1.5593450929382453,58.886302504821984,0.3511705685618729,0.15612372586699827,0.08509258680058028,-0.1242869028272274,0.4068237062465029,-0.35397227068210824,1.339501140220406,5.818104452639766,0.36486486486486486,outputs\mdbscan\synthetic\jain_ID001\jain_mdbscan_results.txt,outputs\mdbscan\synthetic\jain_ID001\figures,,outputs\mdbscan\synthetic\jain_ID001\figures\jain_mdbscan_train_test.png,,5,,,,,,,0.05,1.0,10,1.0,,,,,,,,,,,,,,,,,,,
2026-02-14T23:02:23Z,jain,spectral,jain_ID001,,42,balanced,0.8,,,,,,,2,,,,,,,,,,,,,0.3177681412177776,0.3151067575835466,0.3431462417723837,0.8155477361888667,0.40009719945564937,0.6032086027422208,122.02769521717033,0.8327759197324415,0.2431600700307091,0.22769386382291165,0.25203241311557556,0.8029442154173507,0.21705902942399988,0.6030259727560362,13.691269126189283,0.8108108108108109,outputs\spectral\synthetic\jain_ID001\jain_spectral_results.txt,outputs\spectral\synthetic\jain_ID001\figures,,outputs\spectral\synthetic\jain_ID001\figures\jain_spectral_train_test.png,,,,,,,,,,,,,rbf,1.0,10,kmeans,,,,,,,,,,,,,,,
2026-02-14T23:02:31Z,jain,gnn,jain_ID001,,42,balanced,0.8,,,,,,,2,50,500,,,,,,,,,0.01,0.0001,0.5161655870102313,0.5148522225861462,0.530542209512371,0.7975338375474716,0.38906267285346985,1.4358301394256512,128.2270572489421,0.8662207357859532,0.46421663359739407,0.4581721356436294,0.44747330772987026,0.7574110492886548,0.6037425398826599,0.7559613157792434,111.89819895484752,0.8378378378378378,outputs\gnn\synthetic\jain_ID001\jain_gnn_results.txt,outputs\gnn\synthetic\jain_ID001\figures,,outputs\gnn\synthetic\jain_ID001\figures\jain_gnn_train_test.png,,,,,,,,,,,,,,,,,10,64,16,0.1,200,Z,,,,,,,,,
2026-02-14T23:02:39Z,jain,idec,jain_ID001,,42,balanced,0.8,,,,,,,2,,,,,,,,,,,0.001,0.0,0.3282959928017581,0.3265033873607959,0.21350562972978962,0.6500409729703008,0.572552502155304,0.6134179934389308,603.3137071709385,0.7324414715719063,0.2852641559735887,0.27723033132959335,0.1304861036591909,0.6137164119322156,0.5204852819442749,0.631645990450332,127.97030213536495,0.6891891891891891,outputs\idec\synthetic\jain_ID001\jain_idec_results.txt,outputs\idec\synthetic\jain_ID001\figures,,outputs\idec\synthetic\jain_ID001\figures\jain_idec_train_test.png,,,,,,,,,,,,,,1.0,,,,128,,0.0,,Z,16,256,100,200,1.0,10,,,
2026-02-14T23:02:48Z,jain,gnn_contrastive,jain_ID001,,42,balanced,0.8,,,,,,,2,50,500,,,,,,,,,0.001,0.0001,0.5161655870102313,0.5148522225861462,0.530542209512371,0.7975338375474716,0.4712062180042267,0.9901064283072791,262.8271177096912,0.8662207357859532,0.46421663359739407,0.4581721356436294,0.44747330772987026,0.7574110492886548,0.7229874730110168,0.43264719481250713,338.5797749466405,0.8378378378378378,outputs\gnn_contrastive\synthetic\jain_ID001\jain_gnn_contrastive_results.txt,outputs\gnn_contrastive\synthetic\jain_ID001\figures,,outputs\gnn_contrastive\synthetic\jain_ID001\figures\jain_gnn_contrastive_train_test.png,,,,,,,,,,,,,,,,,10,128,64,0.1,300,Z,,,,,,,0.2,0.2,0.2
2026-02-14T23:03:21Z,noisy_circles,gothic,noisy_circles_ID001,cpu,42,balanced,0.8,none,100,64,64,2,100,2,50,500,0.3,0.7681832909584045,5,32,4,64,2,2000,0.001,0.0001,0.9193185724254108,0.9192821471741003,0.9603752191787578,0.9801752810583616,0.10616067051887512,50.62267548010907,0.5534431024458301,0.99,1.0,1.0,1.0,1.0,0.12565499544143677,13.346295165243138,1.9816812983434422,1.0,outputs\gothic\synthetic\noisy_circles_ID001\noisy_circles_results.txt,outputs\gothic\synthetic\noisy_circles_ID001\figures,outputs\gothic\synthetic\noisy_circles_ID001\figures\noisy_circles_micro_graph.png,outputs\gothic\synthetic\noisy_circles_ID001\figures\noisy_circles_train_test.png,,,,,,,,,,,,,,,,,,,,,,,,,,,,,,,
2026-02-14T23:03:29Z,noisy_circles,kmeans,noisy_circles_ID001,,42,balanced,0.8,,,,,,,2,50,500,,,,,,,,,,,0.0004510772007658541,-2.3826855107303561e-07,-1.994680468791681e-07,0.4997638092938003,0.35797666782214266,1.1661471241553012,960.8744685068111,0.5125,0.0030549469144842386,0.0012462305732352632,0.0017261253404433617,0.4999184865467507,0.3128793885985203,1.3294125285187044,176.76597693592612,0.5325,outputs\kmeans\synthetic\noisy_circles_ID001\noisy_circles_kmeans_results.txt,outputs\kmeans\synthetic\noisy_circles_ID001\figures,,outputs\kmeans\synthetic\noisy_circles_ID001\figures\noisy_circles_kmeans_train_test.png,,,,,,,,,,,,,,,,,,,,,,,,,,,,,,,
2026-02-14T23:03:34Z,noisy_circles,dbscan,noisy_circles_ID001,,42,balanced,0.8,,,,,,,,,,,,,,,,,,,,0.0,0.0,0.0,0.7068856375435515,nan,nan,nan,0.5,0.0,0.0,0.0,0.7062201265667241,nan,nan,nan,0.5,outputs\dbscan\synthetic\noisy_circles_ID001\noisy_circles_dbscan_results.txt,outputs\dbscan\synthetic\noisy_circles_ID001\figures,,outputs\dbscan\synthetic\noisy_circles_ID001\figures\noisy_circles_dbscan_train_test.png,0.2,5,,,,,,,,,,,,,,,,,,,,,,,,,,,,,
2026-02-14T23:03:40Z,noisy_circles,hdbscan,noisy_circles_ID001,,42,balanced,0.8,,,,,,,,,,,,,,,,,,,,0.453970302019904,0.4504695203995402,0.4990975000626152,0.7073457577323452,-0.1884727489806437,1.9018133404145887,54.63491037248021,0.66,0.6307179699887856,0.6210772305350843,0.6961076658592683,0.8340131230665595,-0.27452974021765475,1.52631391795579,10.119043020394844,0.8175,outputs\hdbscan\synthetic\noisy_circles_ID001\noisy_circles_hdbscan_results.txt,outputs\hdbscan\synthetic\noisy_circles_ID001\figures,,outputs\hdbscan\synthetic\noisy_circles_ID001\figures\noisy_circles_hdbscan_train_test.png,,5,5,0.0,eom,,,,,,,,,,,,,,,,,,,,,,,,,,
2026-02-14T23:03:50Z,noisy_circles,insdpc,noisy_circles_ID001,,42,balanced,0.8,,,,,,,2,,,,,,,,,,,,,0.0024970016354218735,0.0020463821712476933,0.002829001993915078,0.5015269630496176,0.34758152944780407,1.1846327653324464,910.8562815091144,0.529375,0.00016258023590814058,-0.0016513836070564405,-0.0022839125683595573,0.4979096724966357,0.310280305031949,1.335270620266873,185.57065085652323,0.5075,outputs\insdpc\synthetic\noisy_circles_ID001\noisy_circles_insdpc_results.txt,outputs\insdpc\synthetic\noisy_circles_ID001\figures,,outputs\insdpc\synthetic\noisy_circles_ID001\figures\noisy_circles_insdpc_train_test.png,,,,,,30,,,,,,,,,,,,,,,,,,,,,,,,,
2026-02-14T23:03:56Z,noisy_circles,amd_dbscan,noisy_circles_ID001,,42,balanced,0.8,,,,,,,,,,,,,,,,,,,,0.0,0.0,0.0,0.7068856375435515,nan,nan,nan,0.5,0.0,0.0,0.0,0.7062201265667241,nan,nan,nan,0.5,outputs\amd_dbscan\synthetic\noisy_circles_ID001\noisy_circles_amd_dbscan_results.txt,outputs\amd_dbscan\synthetic\noisy_circles_ID001\figures,,outputs\amd_dbscan\synthetic\noisy_circles_ID001\figures\noisy_circles_amd_dbscan_train_test.png,1.0,5,,,,,15,outputs\amd_dbscan\synthetic\noisy_circles_ID001\figures\noisy_circles_amd_dbscan_full_ground_truth.png,,,,,,,,,,,,,,,,,,,,,,,
2026-02-14T23:04:02Z,noisy_circles,mdbscan,noisy_circles_ID001,,42,balanced,0.8,,,,,,,,,,,,,,,,,,,,0.3166633287368395,0.30810756924479005,0.18487868665687937,0.4467915906795102,-0.180669940700324,1.1900293842550311,25.88318857684254,0.449375,0.42276158312996487,0.4023808730693297,0.35462921255883756,0.6038297190978483,-0.18835493600552314,1.2839772828261162,6.397718278991969,0.56,outputs\mdbscan\synthetic\noisy_circles_ID001\noisy_circles_mdbscan_results.txt,outputs\mdbscan\synthetic\noisy_circles_ID001\figures,,outputs\mdbscan\synthetic\noisy_circles_ID001\figures\noisy_circles_mdbscan_train_test.png,,5,,,,,,,0.05,1.0,10,0.05,,,,,,,,,,,,,,,,,,,
2026-02-14T23:04:09Z,noisy_circles,spectral,noisy_circles_ID001,,42,balanced,0.8,,,,,,,2,,,,,,,,,,,,,0.00025365728962633487,-0.0001977179452165596,-0.0002739205039624132,0.49958192674110535,0.3562699907182132,1.165888093978373,956.6771430136993,0.509375,0.001160147968302756,-0.0006535863837922749,-0.0008994893513526008,0.4991982456841601,0.31611108246490305,1.3290375626570987,182.70752266587346,0.52,outputs\spectral\synthetic\noisy_circles_ID001\noisy_circles_spectral_results.txt,outputs\spectral\synthetic\noisy_circles_ID001\figures,,outputs\spectral\synthetic\noisy_circles_ID001\figures\noisy_circles_spectral_train_test.png,,,,,,,,,,,,,rbf,1.0,10,kmeans,,,,,,,,,,,,,,,
2026-02-14T23:04:30Z,noisy_circles,gnn,noisy_circles_ID001,,42,balanced,0.8,,,,,,,2,50,500,,,,,,,,,0.01,0.0001,0.006055555963423391,0.005574311007461215,0.005890588868827014,0.5457074471948943,0.2263541966676712,1.6152588282930573,390.74339103704483,0.54,0.004824813236261767,0.0029359507573027193,0.003424603986207391,0.5293580426776117,0.21269693970680237,1.7494168630832496,89.28680710391255,0.5375,outputs\gnn\synthetic\noisy_circles_ID001\noisy_circles_gnn_results.txt,outputs\gnn\synthetic\noisy_circles_ID001\figures,,outputs\gnn\synthetic\noisy_circles_ID001\figures\noisy_circles_gnn_train_test.png,,,,,,,,,,,,,,,,,10,64,16,0.1,200,Z,,,,,,,,,
2026-02-14T23:04:41Z,noisy_circles,idec,noisy_circles_ID001,,42,balanced,0.8,,,,,,,2,,,,,,,,,,,0.001,0.0,0.00040730530480521216,-4.4092515409231e-05,-6.09355181549559e-05,0.49982917188767567,0.8857223391532898,0.14666223138783027,33146.28671256147,0.511875,0.0046373896834890896,0.002830699358221951,0.003909774436090226,0.5013303820715539,0.8122872114181519,0.24131513951429442,3574.862583671211,0.54,outputs\idec\synthetic\noisy_circles_ID001\noisy_circles_idec_results.txt,outputs\idec\synthetic\noisy_circles_ID001\figures,,outputs\idec\synthetic\noisy_circles_ID001\figures\noisy_circles_idec_train_test.png,,,,,,,,,,,,,,1.0,,,,128,,0.0,,Z,16,256,100,200,1.0,10,,,
2026-02-14T23:05:37Z,noisy_circles,gnn_contrastive,noisy_circles_ID001,,42,balanced,0.8,,,,,,,2,50,500,,,,,,,,,0.001,0.0001,0.0004512000642038774,-1.480435703093094e-07,-7.431161600734943e-08,0.49981389300266954,0.16118265688419342,2.1445376541345995,308.7031368405404,0.5125,0.005854030339554584,0.0040509377014657875,0.005608788332876047,0.5016579683295327,0.19364136457443237,1.996389257854934,86.39675298476062,0.545,outputs\gnn_contrastive\synthetic\noisy_circles_ID001\noisy_circles_gnn_contrastive_results.txt,outputs\gnn_contrastive\synthetic\noisy_circles_ID001\figures,,outputs\gnn_contrastive\synthetic\noisy_circles_ID001\figures\noisy_circles_gnn_contrastive_train_test.png,,,,,,,,,,,,,,,,,10,128,64,0.1,300,Z,,,,,,,0.2,0.2,0.2
2026-02-14T23:06:15Z,pathbased,gothic,pathbased_ID001,cpu,42,balanced,0.8,none,100,64,64,2,80,3,50,500,0.15,5.932633399963379,20,64,4,64,3,2000,0.002,1e-06,0.9794997818486572,0.9793408261670504,0.98735566473274,0.9915617090402892,0.24536648392677307,2.606201045917209,37.893827801711055,0.9958333333333333,1.0,1.0,1.0,1.0,0.3458214998245239,2.325675129689142,13.597098420741984,1.0,outputs\gothic\synthetic\pathbased_ID001\pathbased_results.txt,outputs\gothic\synthetic\pathbased_ID001\figures,outputs\gothic\synthetic\pathbased_ID001\figures\pathbased_micro_graph.png,outputs\gothic\synthetic\pathbased_ID001\figures\pathbased_train_test.png,,,,,,,,,,,,,,,,,,,,,,,,,,,,,,,
2026-02-14T23:06:23Z,pathbased,kmeans,pathbased_ID001,,42,balanced,0.8,,,,,,,3,50,500,,,,,,,,,,,0.5738869221805244,0.5704218291276583,0.4964493354003561,0.6782040334584213,0.5023643223281965,0.7247196500998179,247.95835799980242,0.775,0.4924371292599833,0.47211669122893163,0.3932382054248618,0.6388396628637497,0.7294588168543943,0.3033080463642525,190.28941338878346,0.65,outputs\kmeans\synthetic\pathbased_ID001\pathbased_kmeans_results.txt,outputs\kmeans\synthetic\pathbased_ID001\figures,,outputs\kmeans\synthetic\pathbased_ID001\figures\pathbased_kmeans_train_test.png,,,,,,,,,,,,,,,,,,,,,,,,,,,,,,,
2026-02-14T23:06:28Z,pathbased,dbscan,pathbased_ID001,,42,balanced,0.8,,,,,,,,,,,,,,,,,,,,0.0,0.0,0.0,0.5765041571712248,nan,nan,nan,0.36666666666666664,0.0,0.0,0.0,0.5689717159572364,nan,nan,nan,0.36666666666666664,outputs\dbscan\synthetic\pathbased_ID001\pathbased_dbscan_results.txt,outputs\dbscan\synthetic\pathbased_ID001\figures,,outputs\dbscan\synthetic\pathbased_ID001\figures\pathbased_dbscan_train_test.png,0.2,5,,,,,,,,,,,,,,,,,,,,,,,,,,,,,
2026-02-14T23:06:33Z,pathbased,hdbscan,pathbased_ID001,,42,balanced,0.8,,,,,,,,,,,,,,,,,,,,0.6039466610104759,0.5953669353205804,0.5213585174797707,0.6623517745352181,0.22982743362427563,1.9515208745304364,70.153708963286,0.6583333333333333,0.7056546607975157,0.6856983135705647,0.6816494494521388,0.7807559678797501,0.09609247760403507,1.8022311732388747,7.614625105691804,0.6833333333333333,outputs\hdbscan\synthetic\pathbased_ID001\pathbased_hdbscan_results.txt,outputs\hdbscan\synthetic\pathbased_ID001\figures,,outputs\hdbscan\synthetic\pathbased_ID001\figures\pathbased_hdbscan_train_test.png,,5,5,0.0,eom,,,,,,,,,,,,,,,,,,,,,,,,,,
2026-02-14T23:06:40Z,pathbased,insdpc,pathbased_ID001,,42,balanced,0.8,,,,,,,3,,,,,,,,,,,,,0.48106626667782565,0.47663493618427916,0.4110245494800234,0.6361059728922273,0.3891513639463359,0.8201623911775494,169.45730090735748,0.6916666666666667,0.4956299736864221,0.48569498546716505,0.392819632902578,0.6443648109267487,0.7350181768951639,0.38672381076089407,262.5314494511602,0.6333333333333333,outputs\insdpc\synthetic\pathbased_ID001\pathbased_insdpc_results.txt,outputs\insdpc\synthetic\pathbased_ID001\figures,,outputs\insdpc\synthetic\pathbased_ID001\figures\pathbased_insdpc_train_test.png,,,,,,30,,,,,,,,,,,,,,,,,,,,,,,,,
2026-02-14T23:06:45Z,pathbased,amd_dbscan,pathbased_ID001,,42,balanced,0.8,,,,,,,,,,,,,,,,,,,,0.0,0.0,0.0,0.5765041571712248,nan,nan,nan,0.36666666666666664,0.0,0.0,0.0,0.5689717159572364,nan,nan,nan,0.36666666666666664,outputs\amd_dbscan\synthetic\pathbased_ID001\pathbased_amd_dbscan_results.txt,outputs\amd_dbscan\synthetic\pathbased_ID001\figures,,outputs\amd_dbscan\synthetic\pathbased_ID001\figures\pathbased_amd_dbscan_train_test.png,1.0,5,,,,,15,outputs\amd_dbscan\synthetic\pathbased_ID001\figures\pathbased_amd_dbscan_full_ground_truth.png,,,,,,,,,,,,,,,,,,,,,,,
2026-02-14T23:06:51Z,pathbased,mdbscan,pathbased_ID001,,42,balanced,0.8,,,,,,,,,,,,,,,,,,,,0.15398722863474296,0.1313990748733416,0.03028324292979005,0.5393996423826223,-0.22621097604827536,1.7842699324826654,2.9448767529392925,0.3958333333333333,0.03297763601903323,0.0016061831215268409,0.0018704301989457576,0.5605194244152488,-0.15310593956777951,1.03084387542782,0.8098265398213116,0.36666666666666664,outputs\mdbscan\synthetic\pathbased_ID001\pathbased_mdbscan_results.txt,outputs\mdbscan\synthetic\pathbased_ID001\figures,,outputs\mdbscan\synthetic\pathbased_ID001\figures\pathbased_mdbscan_train_test.png,,5,,,,,,,0.05,1.0,10,0.788888888888889,,,,,,,,,,,,,,,,,,,
2026-02-14T23:06:58Z,pathbased,spectral,pathbased_ID001,,42,balanced,0.8,,,,,,,3,,,,,,,,,,,,,0.6494013519395383,0.646635388979442,0.6023858007631437,0.7390954135491435,0.4554196164081972,0.9631280861982097,187.66575753209128,0.8416666666666667,0.6018281987788301,0.5879894787633079,0.5216938518916768,0.6870410900364105,0.5330782646052589,2.3697327390320964,63.685045307241985,0.8,outputs\spectral\synthetic\pathbased_ID001\pathbased_spectral_results.txt,outputs\spectral\synthetic\pathbased_ID001\figures,,outputs\spectral\synthetic\pathbased_ID001\figures\pathbased_spectral_train_test.png,,,,,,,,,,,,,rbf,1.0,10,kmeans,,,,,,,,,,,,,,,
2026-02-14T23:07:05Z,pathbased,gnn,pathbased_ID001,,42,balanced,0.8,,,,,,,3,50,500,,,,,,,,,0.01,0.0001,0.19344050492622064,0.18694471911774913,0.09117109331747873,0.41668431071357037,0.4244951903820038,0.8942670334892541,166.58444856743202,0.4625,0.4191162162687447,0.3990632147894767,0.31576094492556317,0.5548710046037888,0.3264615833759308,0.8853666557627192,43.45248633975663,0.6166666666666667,outputs\gnn\synthetic\pathbased_ID001\pathbased_gnn_results.txt,outputs\gnn\synthetic\pathbased_ID001\figures,,outputs\gnn\synthetic\pathbased_ID001\figures\pathbased_gnn_train_test.png,,,,,,,,,,,,,,,,,10,64,16,0.1,200,Z,,,,,,,,,
2026-02-14T23:07:12Z,pathbased,idec,pathbased_ID001,,42,balanced,0.8,,,,,,,3,,,,,,,,,,,0.001,0.0,0.5634631112531223,0.559908966284673,0.49374503724179514,0.6770532619893762,0.517263650894165,0.7457348953479385,289.5470581273346,0.7666666666666667,0.4924371292599833,0.47211669122893163,0.3932382054248618,0.6388396628637497,0.7091742753982544,0.3218931346178135,185.02069813053723,0.65,outputs\idec\synthetic\pathbased_ID001\pathbased_idec_results.txt,outputs\idec\synthetic\pathbased_ID001\figures,,outputs\idec\synthetic\pathbased_ID001\figures\pathbased_idec_train_test.png,,,,,,,,,,,,,,1.0,,,,128,,0.0,,Z,16,256,100,200,1.0,10,,,
2026-02-14T23:07:21Z,pathbased,gnn_contrastive,pathbased_ID001,,42,balanced,0.8,,,,,,,3,50,500,,,,,,,,,0.001,0.0001,0.19946708381033862,0.19305508400540838,0.09921578416939042,0.41812759156106455,0.45008859038352966,0.8000013002750208,242.00706473029487,0.45,0.44561340193880394,0.4268873532168286,0.36383904599483646,0.5770567929876718,0.377567857503891,0.7025256532108514,85.60475053713257,0.7,outputs\gnn_contrastive\synthetic\pathbased_ID001\pathbased_gnn_contrastive_results.txt,outputs\gnn_contrastive\synthetic\pathbased_ID001\figures,,outputs\gnn_contrastive\synthetic\pathbased_ID001\figures\pathbased_gnn_contrastive_train_test.png,,,,,,,,,,,,,,,,,10,128,64,0.1,300,Z,,,,,,,0.2,0.2,0.2
2026-02-14T23:07:45Z,r15,gothic,r15_ID001,cpu,42,balanced,0.8,none,100,64,64,2,45,15,50,500,0.3,4.172434329986572,5,32,4,64,2,2000,0.001,0.0001,0.9931290040498941,0.9924757334954457,0.9909474531106149,0.9915334050028699,0.7236679792404175,0.3564732543505119,3257.947260523228,0.9958333333333333,1.0,1.0,1.0,1.0,0.9242807030677795,0.11168574051552335,7764.452298006173,1.0,outputs\gothic\synthetic\r15_ID001\r15_results.txt,outputs\gothic\synthetic\r15_ID001\figures,outputs\gothic\synthetic\r15_ID001\figures\r15_micro_graph.png,outputs\gothic\synthetic\r15_ID001\figures\r15_train_test.png,,,,,,,,,,,,,,,,,,,,,,,,,,,,,,,
2026-02-14T23:07:52Z,r15,kmeans,r15_ID001,,42,balanced,0.8,,,,,,,15,50,500,,,,,,,,,,,0.9931290040498941,0.9924757334954457,0.9909474531106149,0.9915334050028699,0.7236679263072506,0.35647326933941287,3257.9470166259566,0.9958333333333333,1.0,1.0,1.0,1.0,0.9242806287477924,0.11168570966119666,7764.4521517826,1.0,outputs\kmeans\synthetic\r15_ID001\r15_kmeans_results.txt,outputs\kmeans\synthetic\r15_ID001\figures,,outputs\kmeans\synthetic\r15_ID001\figures\r15_kmeans_train_test.png,,,,,,,,,,,,,,,,,,,,,,,,,,,,,,,
2026-02-14T23:07:58Z,r15,dbscan,r15_ID001,,42,balanced,0.8,,,,,,,,,,,,,,,,,,,,0.5177212907941368,0.4304186027532671,0.05875011589692821,0.21208103053197064,-0.18814176770084673,2.1845146804925255,19.907262942385408,0.39375,0.6000606148665216,0.40895705846228303,0.10346883468834689,0.2508649591445057,-0.11249336275224306,1.7579134377509684,8.205922257593697,0.48333333333333334,outputs\dbscan\synthetic\r15_ID001\r15_dbscan_results.txt,outputs\dbscan\synthetic\r15_ID001\figures,,outputs\dbscan\synthetic\r15_ID001\figures\r15_dbscan_train_test.png,0.2,5,,,,,,,,,,,,,,,,,,,,,,,,,,,,,
2026-02-14T23:08:03Z,r15,hdbscan,r15_ID001,,42,balanced,0.8,,,,,,,,,,,,,,,,,,,,0.7425078304557066,0.7277632899148762,0.26250962278675904,0.4539005373746285,0.648094295850836,0.3555223775718667,602.0877453813056,0.5333333333333333,0.7425078304557063,0.6749028527695429,0.24444444444444444,0.4357446703305951,0.6808487138812102,0.31029263574630317,148.59420929504597,0.5333333333333333,outputs\hdbscan\synthetic\r15_ID001\r15_hdbscan_results.txt,outputs\hdbscan\synthetic\r15_ID001\figures,,outputs\hdbscan\synthetic\r15_ID001\figures\r15_hdbscan_train_test.png,,5,5,0.0,eom,,,,,,,,,,,,,,,,,,,,,,,,,,
2026-02-14T23:08:09Z,r15,insdpc,r15_ID001,,42,balanced,0.8,,,,,,,15,,,,,,,,,,,,,0.9014969418100144,0.8935980321446383,0.7026911690974698,0.7508848291098532,0.4689960492383975,0.5148401914518197,1003.7512531115643,0.7229166666666667,0.919273953490593,0.8904471736865844,0.7017543859649122,0.753370803500884,0.7399028335317948,0.3700357902054071,519.8727396638703,0.7333333333333333,outputs\insdpc\synthetic\r15_ID001\r15_insdpc_results.txt,outputs\insdpc\synthetic\r15_ID001\figures,,outputs\insdpc\synthetic\r15_ID001\figures\r15_insdpc_train_test.png,,,,,,30,,,,,,,,,,,,,,,,,,,,,,,,,
2026-02-14T23:08:15Z,r15,amd_dbscan,r15_ID001,,42,balanced,0.8,,,,,,,,,,,,,,,,,,,,0.7425078304557066,0.7277632899148762,0.26250962278675904,0.4539005373746285,0.648094295850836,0.3555223775718667,602.0877453813056,0.5333333333333333,0.7425078304557063,0.6749028527695429,0.24444444444444444,0.4357446703305951,0.6808487138812102,0.31029263574630317,148.59420929504597,0.5333333333333333,outputs\amd_dbscan\synthetic\r15_ID001\r15_amd_dbscan_results.txt,outputs\amd_dbscan\synthetic\r15_ID001\figures,,outputs\amd_dbscan\synthetic\r15_ID001\figures\r15_amd_dbscan_train_test.png,1.0,5,,,,,15,outputs\amd_dbscan\synthetic\r15_ID001\figures\r15_amd_dbscan_full_ground_truth.png,,,,,,,,,,,,,,,,,,,,,,,
2026-02-14T23:08:21Z,r15,mdbscan,r15_ID001,,42,balanced,0.8,,,,,,,,,,,,,,,,,,,,0.7425078304557066,0.7277632899148762,0.26250962278675904,0.4539005373746285,0.648094295850836,0.3555223775718667,602.0877453813056,0.5333333333333333,0.7425078304557063,0.6749028527695429,0.24444444444444444,0.4357446703305951,0.6808487138812102,0.31029263574630317,148.59420929504597,0.5333333333333333,outputs\mdbscan\synthetic\r15_ID001\r15_mdbscan_results.txt,outputs\mdbscan\synthetic\r15_ID001\figures,,outputs\mdbscan\synthetic\r15_ID001\figures\r15_mdbscan_train_test.png,,5,,,,,,,0.05,1.0,10,0.6833333333333333,,,,,,,,,,,,,,,,,,,
2026-02-14T23:08:28Z,r15,spectral,r15_ID001,,42,balanced,0.8,,,,,,,15,,,,,,,,,,,,,0.9931290040498941,0.9924757334954456,0.9909474531106149,0.9915334050028699,0.7236679263072506,0.35647326933941215,3257.9470166259566,0.9958333333333333,1.0,1.0,1.0,1.0,0.9242806287477924,0.11168570966119658,7764.4521517826,1.0,outputs\spectral\synthetic\r15_ID001\r15_spectral_results.txt,outputs\spectral\synthetic\r15_ID001\figures,,outputs\spectral\synthetic\r15_ID001\figures\r15_spectral_train_test.png,,,,,,,,,,,,,rbf,1.0,10,kmeans,,,,,,,,,,,,,,,
2026-02-14T23:08:36Z,r15,gnn,r15_ID001,,42,balanced,0.8,,,,,,,15,50,500,,,,,,,,,0.01,0.0001,0.9099880716609704,0.9013692239436012,0.8081695311443017,0.8225890929660269,0.58201003074646,0.5806223396531792,2559.9162727623307,0.8583333333333333,0.7817480626926856,0.7046272188511061,0.5175103734439834,0.5746967096252473,0.3988533020019531,0.9027692920140856,124.07224048190888,0.5916666666666667,outputs\gnn\synthetic\r15_ID001\r15_gnn_results.txt,outputs\gnn\synthetic\r15_ID001\figures,,outputs\gnn\synthetic\r15_ID001\figures\r15_gnn_train_test.png,,,,,,,,,,,,,,,,,10,64,16,0.1,200,Z,,,,,,,,,
2026-02-14T23:08:44Z,r15,idec,r15_ID001,,42,balanced,0.8,,,,,,,15,,,,,,,,,,,0.001,0.0,0.9931290040498941,0.9924757334954456,0.9909474531106149,0.9915334050028699,0.7246183753013611,0.3569659401305678,3265.870976844408,0.9958333333333333,1.0,1.0,1.0,1.0,0.9239791631698608,0.11312935126746256,8036.1280739396725,1.0,outputs\idec\synthetic\r15_ID001\r15_idec_results.txt,outputs\idec\synthetic\r15_ID001\figures,,outputs\idec\synthetic\r15_ID001\figures\r15_idec_train_test.png,,,,,,,,,,,,,,1.0,,,,128,,0.0,,Z,16,256,100,200,1.0,10,,,
2026-02-14T23:08:56Z,r15,gnn_contrastive,r15_ID001,,42,balanced,0.8,,,,,,,15,50,500,,,,,,,,,0.001,0.0001,0.8950889968277999,0.8851060592811769,0.7938856700691433,0.808316336606641,0.5833967328071594,0.5714690633169514,2565.9672868424473,0.8604166666666667,0.7822809357584855,0.7032545291193099,0.5153759820426487,0.5705450633752728,0.4499637484550476,0.7227858014557937,117.02025960321728,0.5916666666666667,outputs\gnn_contrastive\synthetic\r15_ID001\r15_gnn_contrastive_results.txt,outputs\gnn_contrastive\synthetic\r15_ID001\figures,,outputs\gnn_contrastive\synthetic\r15_ID001\figures\r15_gnn_contrastive_train_test.png,,,,,,,,,,,,,,,,,10,128,64,0.1,300,Z,,,,,,,0.2,0.2,0.2
2026-02-14T23:09:28Z,wine,gothic,wine_ID001,cpu,42,balanced,0.8,none,100,64,64,13,5,3,50,500,0.6,529.5430908203125,5,128,2,64,3,2000,0.003,0.001,0.33416964012836387,0.325104855780026,0.3149503988213806,0.5526689552887919,0.4052056670188904,0.5921331628336713,159.15927207464674,0.6690140845070423,0.8584607890322576,0.8501209361708232,0.8388447048974467,0.8900445033377782,0.5475022196769714,0.5918380783905407,219.6714463398873,0.9444444444444444,outputs\gothic\real\wine_ID001\wine_results.txt,outputs\gothic\real\wine_ID001\figures,outputs\gothic\real\wine_ID001\figures\wine_micro_graph.png,outputs\gothic\real\wine_ID001\figures\wine_train_test.png,,,,,,,,,,,,,,,,,,,,,,,,,,,,,,,
2026-02-14T23:09:35Z,wine,kmeans,wine_ID001,,42,balanced,0.8,,,,,,,3,50,500,,,,,,,,,,,0.3914188428053635,0.38308602409029296,0.2911135088103455,0.5387631652749719,0.5379403068489009,0.5667522020315668,393.20114007617093,0.6056338028169014,0.784929887207139,0.7711242939094198,0.7202238209432454,0.8187218649136411,0.6793212505213002,0.3092743736733693,236.99102742086225,0.8888888888888888,outputs\kmeans\real\wine_ID001\wine_kmeans_results.txt,outputs\kmeans\real\wine_ID001\figures,,outputs\kmeans\real\wine_ID001\figures\wine_kmeans_train_test.png,,,,,,,,,,,,,,,,,,,,,,,,,,,,,,,
2026-02-14T23:09:40Z,wine,dbscan,wine_ID001,,42,balanced,0.8,,,,,,,,,,,,,,,,,,,,0.0,0.0,0.0,0.5810581799876983,nan,nan,nan,0.4014084507042254,0.0,0.0,0.0,0.5662463427121809,nan,nan,nan,0.3888888888888889,outputs\dbscan\real\wine_ID001\wine_dbscan_results.txt,outputs\dbscan\real\wine_ID001\figures,,outputs\dbscan\real\wine_ID001\figures\wine_dbscan_train_test.png,0.2,5,,,,,,,,,,,,,,,,,,,,,,,,,,,,,
2026-02-14T23:09:46Z,wine,hdbscan,wine_ID001,,42,balanced,0.8,,,,,,,,,,,,,,,,,,,,0.2721865461185716,0.23859847320465397,0.11507197302178795,0.31587751134838116,0.19133923137496422,3.357874959566908,19.855253554732187,0.3380281690140845,0.6256690918648227,0.5558315580614824,0.3564684445916846,0.5258004451778987,0.4136764297262826,0.6013589254327576,1735.081194656325,0.4444444444444444,outputs\hdbscan\real\wine_ID001\wine_hdbscan_results.txt,outputs\hdbscan\real\wine_ID001\figures,,outputs\hdbscan\real\wine_ID001\figures\wine_hdbscan_train_test.png,,5,5,0.0,eom,,,,,,,,,,,,,,,,,,,,,,,,,,
2026-02-14T23:09:52Z,wine,insdpc,wine_ID001,,42,balanced,0.8,,,,,,,3,,,,,,,,,,,,,0.3473522800244056,0.33849347056353785,0.3026189205923818,0.5430688776395918,0.5080000342787366,0.5412567639074807,299.2916878336495,0.676056338028169,0.7864148276145382,0.7737219673395944,0.7085222540945684,0.8019801980198021,0.5148243461682553,0.5999318505615624,208.7556355286856,0.8888888888888888,outputs\insdpc\real\wine_ID001\wine_insdpc_results.txt,outputs\insdpc\real\wine_ID001\figures,,outputs\insdpc\real\wine_ID001\figures\wine_insdpc_train_test.png,,,,,,30,,,,,,,,,,,,,,,,,,,,,,,,,
2026-02-14T23:09:57Z,wine,amd_dbscan,wine_ID001,,42,balanced,0.8,,,,,,,,,,,,,,,,,,,,0.0,0.0,0.0,0.5810581799876983,nan,nan,nan,0.4014084507042254,0.0,0.0,0.0,0.5662463427121809,nan,nan,nan,0.3888888888888889,outputs\amd_dbscan\real\wine_ID001\wine_amd_dbscan_results.txt,outputs\amd_dbscan\real\wine_ID001\figures,,outputs\amd_dbscan\real\wine_ID001\figures\wine_amd_dbscan_train_test.png,1.0,5,,,,,15,outputs\amd_dbscan\real\wine_ID001\figures\wine_amd_dbscan_full_ground_truth.png,,,,,,,,,,,,,,,,,,,,,,,
2026-02-14T23:10:03Z,wine,mdbscan,wine_ID001,,42,balanced,0.8,,,,,,,,,,,,,,,,,,,,0.0,0.0,0.0,0.5810581799876983,nan,nan,nan,0.4014084507042254,0.0,0.0,0.0,0.5662463427121809,nan,nan,nan,0.3888888888888889,outputs\mdbscan\real\wine_ID001\wine_mdbscan_results.txt,outputs\mdbscan\real\wine_ID001\figures,,outputs\mdbscan\real\wine_ID001\figures\wine_mdbscan_train_test.png,,5,,,,,,,0.05,1.0,10,0.05,,,,,,,,,,,,,,,,,,,
2026-02-14T23:10:10Z,wine,spectral,wine_ID001,,42,balanced,0.8,,,,,,,3,,,,,,,,,,,,,0.013907277916705544,0.000261306125611818,0.0004876483798524222,0.5772297005559808,0.29936507833627707,0.43677917314643955,3.381646754044416,0.4084507042253521,0.0,0.0,0.0,0.5662463427121809,nan,nan,nan,0.3888888888888889,outputs\spectral\real\wine_ID001\wine_spectral_results.txt,outputs\spectral\real\wine_ID001\figures,,outputs\spectral\real\wine_ID001\figures\wine_spectral_train_test.png,,,,,,,,,,,,,rbf,1.0,10,kmeans,,,,,,,,,,,,,,,
2026-02-14T23:10:17Z,wine,gnn,wine_ID001,,42,balanced,0.8,,,,,,,3,50,500,,,,,,,,,0.01,0.0001,0.3666152905189873,0.3561408768927836,0.21850704544028035,0.5777248343925135,0.5872104167938232,0.5824013265876014,335.5482782991135,0.5140845070422535,0.7376351524042551,0.7281798157360085,0.5688137979584653,0.7685331969757723,0.9274391531944275,0.09344981758013698,1581.4276164992045,0.7222222222222222,outputs\gnn\real\wine_ID001\wine_gnn_results.txt,outputs\gnn\real\wine_ID001\figures,,outputs\gnn\real\wine_ID001\figures\wine_gnn_train_test.png,,,,,,,,,,,,,,,,,10,64,16,0.1,200,Z,,,,,,,,,
2026-02-14T23:10:25Z,wine,idec,wine_ID001,,42,balanced,0.8,,,,,,,3,,,,,,,,,,,0.001,0.0,0.3926536047880631,0.3843007987239239,0.2934958328189677,0.5423029725783938,0.538881242275238,0.5647080804137107,392.5818574173582,0.5985915492957746,0.6141816673614116,0.5878834249274202,0.5118888592038472,0.6958686228701232,0.5031179189682007,0.7618140269438531,123.23736356681668,0.75,outputs\idec\real\wine_ID001\wine_idec_results.txt,outputs\idec\real\wine_ID001\figures,,outputs\idec\real\wine_ID001\figures\wine_idec_train_test.png,,,,,,,,,,,,,,1.0,,,,128,,0.0,,Z,16,256,100,200,1.0,10,,,
2026-02-14T23:10:33Z,wine,gnn_contrastive,wine_ID001,,42,balanced,0.8,,,,,,,3,50,500,,,,,,,,,0.001,0.0001,0.37806779391210293,0.36962540509646036,0.2628257079678287,0.5162101509602915,0.5821127891540527,0.5065173769937601,508.72813207809514,0.6267605633802817,0.8168730297370506,0.8054435588803373,0.7765932296885026,0.8528064151317275,0.6787933111190796,0.3657428341190914,1732.3246548082127,0.9166666666666666,outputs\gnn_contrastive\real\wine_ID001\wine_gnn_contrastive_results.txt,outputs\gnn_contrastive\real\wine_ID001\figures,,outputs\gnn_contrastive\real\wine_ID001\figures\wine_gnn_contrastive_train_test.png,,,,,,,,,,,,,,,,,10,128,64,0.1,300,Z,,,,,,,0.2,0.2,0.2
2026-02-14T23:11:00Z,iris,gothic,iris_ID001,cpu,42,balanced,0.8,none,100,64,64,4,70,3,50,500,0.3,1.3616160154342651,5,32,4,64,2,2000,0.001,0.0001,0.9290578667024488,0.9279392398851048,0.9504166666666667,0.9666666666666666,0.46833574771881104,0.8244474350263394,340.0417695307723,0.9833333333333333,1.0,1.0,1.0,1.0,0.6967472434043884,0.41045111124469363,267.99274620408613,1.0,outputs\gothic\real\iris_ID001\iris_results.txt,outputs\gothic\real\iris_ID001\figures,outputs\gothic\real\iris_ID001\figures\iris_micro_graph.png,outputs\gothic\real\iris_ID001\figures\iris_train_test.png,,,,,,,,,,,,,,,,,,,,,,,,,,,,,,,
2026-02-14T23:11:07Z,iris,kmeans,iris_ID001,,42,balanced,0.8,,,,,,,3,50,500,,,,,,,,,,,0.7516396156699218,0.747688199474744,0.7255937583560352,0.8171735145247345,0.5300412320880636,0.7007236181804797,404.7916550437613,0.8916666666666667,0.7979885217013317,0.7828069258902589,0.7310420076377523,0.8176298175326769,0.6660364235121939,0.43441523220715267,233.14167426501402,0.9,outputs\kmeans\real\iris_ID001\iris_kmeans_results.txt,outputs\kmeans\real\iris_ID001\figures,,outputs\kmeans\real\iris_ID001\figures\iris_kmeans_train_test.png,,,,,,,,,,,,,,,,,,,,,,,,,,,,,,,
2026-02-14T23:11:13Z,iris,dbscan,iris_ID001,,42,balanced,0.8,,,,,,,,,,,,,,,,,,,,0.0,0.0,0.0,0.5724780279075999,nan,nan,nan,0.3333333333333333,0.0,0.0,0.0,0.5570860145311556,nan,nan,nan,0.3333333333333333,outputs\dbscan\real\iris_ID001\iris_dbscan_results.txt,outputs\dbscan\real\iris_ID001\figures,,outputs\dbscan\real\iris_ID001\figures\iris_dbscan_train_test.png,0.2,5,,,,,,,,,,,,,,,,,,,,,,,,,,,,,
2026-02-14T23:11:18Z,iris,hdbscan,iris_ID001,,42,balanced,0.8,,,,,,,,,,,,,,,,,,,,0.7336804366512103,0.731044789557579,0.5672727272727273,0.7706546758708627,0.6733960728051668,0.4013860511751376,377.4605243329111,0.6666666666666666,0.7336804366512115,0.7219451097086053,0.5538461538461539,0.7579367289598671,0.7560141425340215,0.2971756028281608,142.91713495673892,0.6666666666666666,outputs\hdbscan\real\iris_ID001\iris_hdbscan_results.txt,outputs\hdbscan\real\iris_ID001\figures,,outputs\hdbscan\real\iris_ID001\figures\iris_hdbscan_train_test.png,,5,5,0.0,eom,,,,,,,,,,,,,,,,,,,,,,,,,,
2026-02-14T23:11:24Z,iris,insdpc,iris_ID001,,42,balanced,0.8,,,,,,,3,,,,,,,,,,,,,0.6621487591836508,0.6558142331561321,0.4713584288052373,0.6989909403863407,0.5001099729764156,0.7198381997493888,197.92373958316557,0.5833333333333334,0.6693359731174996,0.6383560727638732,0.46805819101834284,0.6920827420915049,0.5891135843242163,0.48405051147400374,69.88717320372051,0.6,outputs\insdpc\real\iris_ID001\iris_insdpc_results.txt,outputs\insdpc\real\iris_ID001\figures,,outputs\insdpc\real\iris_ID001\figures\iris_insdpc_train_test.png,,,,,,30,,,,,,,,,,,,,,,,,,,,,,,,,
2026-02-14T23:11:29Z,iris,amd_dbscan,iris_ID001,,42,balanced,0.8,,,,,,,,,,,,,,,,,,,,0.7336804366512103,0.731044789557579,0.5672727272727273,0.7706546758708627,0.6733960728051668,0.4013860511751376,377.4605243329111,0.6666666666666666,0.7336804366512115,0.7219451097086053,0.5538461538461539,0.7579367289598671,0.7560141425340215,0.2971756028281608,142.91713495673892,0.6666666666666666,outputs\amd_dbscan\real\iris_ID001\iris_amd_dbscan_results.txt,outputs\amd_dbscan\real\iris_ID001\figures,,outputs\amd_dbscan\real\iris_ID001\figures\iris_amd_dbscan_train_test.png,1.0,5,,,,,15,outputs\amd_dbscan\real\iris_ID001\figures\iris_amd_dbscan_full_ground_truth.png,,,,,,,,,,,,,,,,,,,,,,,
2026-02-14T23:11:35Z,iris,mdbscan,iris_ID001,,42,balanced,0.8,,,,,,,,,,,,,,,,,,,,0.7336804366512103,0.731044789557579,0.5672727272727273,0.7706546758708627,0.6733960728051668,0.4013860511751376,377.4605243329111,0.6666666666666666,0.7336804366512115,0.7219451097086053,0.5538461538461539,0.7579367289598671,0.7560141425340215,0.2971756028281608,142.91713495673892,0.6666666666666666,outputs\mdbscan\real\iris_ID001\iris_mdbscan_results.txt,outputs\mdbscan\real\iris_ID001\figures,,outputs\mdbscan\real\iris_ID001\figures\iris_mdbscan_train_test.png,,5,,,,,,,0.05,1.0,10,0.8944444444444445,,,,,,,,,,,,,,,,,,,
2026-02-14T23:11:42Z,iris,spectral,iris_ID001,,42,balanced,0.8,,,,,,,3,,,,,,,,,,,,,0.7173234009581302,0.7124864472941601,0.5909630648084495,0.746005925643238,0.5345952916319948,0.6170567575101291,347.4398632228835,0.7916666666666666,0.7086987663903855,0.6833488887583402,0.5556490991749453,0.723317638245537,0.506164721288754,0.5151158019448004,109.58736398604363,0.7666666666666667,outputs\spectral\real\iris_ID001\iris_spectral_results.txt,outputs\spectral\real\iris_ID001\figures,,outputs\spectral\real\iris_ID001\figures\iris_spectral_train_test.png,,,,,,,,,,,,,rbf,1.0,10,kmeans,,,,,,,,,,,,,,,
2026-02-14T23:11:49Z,iris,gnn,iris_ID001,,42,balanced,0.8,,,,,,,3,50,500,,,,,,,,,0.01,0.0001,0.929057866702449,0.927939239885105,0.9504166666666667,0.9666666666666666,0.7918520569801331,0.3022594899830437,983.9223614752283,0.9833333333333333,0.8027311504737437,0.7883760541252661,0.8066666666666666,0.8666666666666667,0.8108798265457153,0.2924907602165955,224.806495027115,0.9333333333333333,outputs\gnn\real\iris_ID001\iris_gnn_results.txt,outputs\gnn\real\iris_ID001\figures,,outputs\gnn\real\iris_ID001\figures\iris_gnn_train_test.png,,,,,,,,,,,,,,,,,10,64,16,0.1,200,Z,,,,,,,,,
2026-02-14T23:11:57Z,iris,idec,iris_ID001,,42,balanced,0.8,,,,,,,3,,,,,,,,,,,0.001,0.0,0.8588351375673714,0.8566089858503767,0.8808223458435375,0.9198889336162653,0.6251720786094666,0.5314338597185403,692.2558413068647,0.9583333333333334,1.0,1.0,1.0,1.0,0.8045710325241089,0.26220902027858145,530.3890652504599,1.0,outputs\idec\real\iris_ID001\iris_idec_results.txt,outputs\idec\real\iris_ID001\figures,,outputs\idec\real\iris_ID001\figures\iris_idec_train_test.png,,,,,,,,,,,,,,1.0,,,,128,,0.0,,Z,16,256,100,200,1.0,10,,,
2026-02-14T23:12:05Z,iris,gnn_contrastive,iris_ID001,,42,balanced,0.8,,,,,,,3,50,500,,,,,,,,,0.001,0.0001,0.904192901311805,0.9026820356929134,0.926586565039619,0.9506515918700373,0.7246816158294678,0.36923071746188524,2162.9192591626747,0.975,0.7055078378785303,0.6840032681208464,0.7159489927924598,0.8044335210322533,0.8234574198722839,0.24805403465168893,607.6256708948853,0.9,outputs\gnn_contrastive\real\iris_ID001\iris_gnn_contrastive_results.txt,outputs\gnn_contrastive\real\iris_ID001\figures,,outputs\gnn_contrastive\real\iris_ID001\figures\iris_gnn_contrastive_train_test.png,,,,,,,,,,,,,,,,,10,128,64,0.1,300,Z,,,,,,,0.2,0.2,0.2
2026-02-14T23:12:26Z,breast_cancer,gothic,breast_cancer_ID001,cpu,42,balanced,0.8,none,100,64,64,30,15,2,50,500,0.9,3097.66748046875,5,96,8,256,1,2000,0.0003,0.0001,0.46329470546543494,0.46241878233074357,0.5353750805574491,0.7754791112738674,0.4924379289150238,0.678619890167818,511.3057070997792,0.8662280701754386,0.7687316115504822,0.7671084590236311,0.828230737183457,0.9215886008740187,0.6266681551933289,0.5993933145568004,198.85401729609467,0.9557522123893806,outputsgothicreal\breast_cancer_ID001\breast_cancer_results.txt,outputsgothicreal\breast_cancer_ID001\figures,outputsgothicreal\breast_cancer_ID001\figures\breast_cancer_micro_graph.png,outputsgothicreal\breast_cancer_ID001\figures\breast_cancer_train_test.png,,,,,,,,,,,,,,,,,,,,,,,,,,,,,,,
2026-02-14T23:12:33Z,breast_cancer,kmeans,breast_cancer_ID001,,42,balanced,0.8,,,,,,,2,50,500,,,,,,,,,,,0.512369307350566,0.5114903461191738,0.5547317914273258,0.8124265992884486,0.6822860645272685,0.5040956214928732,1053.2248810170408,0.875,0.19822307291114535,0.19021992823534808,0.14771824559667812,0.7187038617052456,0.7211784938371065,0.38968619013314043,189.32813269948278,0.7168141592920354,outputs\kmeans\real\breast_cancer_ID001\breast_cancer_kmeans_results.txt,outputs\kmeans\real\breast_cancer_ID001\figures,,outputs\kmeans\real\breast_cancer_ID001\figures\breast_cancer_kmeans_train_test.png,,,,,,,,,,,,,,,,,,,,,,,,,,,,,,,
2026-02-14T23:12:40Z,breast_cancer,dbscan,breast_cancer_ID001,,42,balanced,0.8,,,,,,,,,,,,,,,,,,,,0.0,0.0,0.0,0.7289227125025018,nan,nan,nan,0.6271929824561403,0.0,0.0,0.0,0.7271595849240403,nan,nan,nan,0.6283185840707964,outputs\dbscan\real\breast_cancer_ID001\breast_cancer_dbscan_results.txt,outputs\dbscan\real\breast_cancer_ID001\figures,,outputs\dbscan\real\breast_cancer_ID001\figures\breast_cancer_dbscan_train_test.png,0.2,5,,,,,,,,,,,,,,,,,,,,,,,,,,,,,
2026-02-14T23:12:47Z,breast_cancer,hdbscan,breast_cancer_ID001,,42,balanced,0.8,,,,,,,,,,,,,,,,,,,,0.5464602217536798,0.5433360344432642,0.6886777155253013,0.845429219533649,0.1847324727056999,2.341434944093555,165.21594558744872,0.8399122807017544,0.4021250488925857,0.3810478027649621,0.4227844138843634,0.763145992077154,0.27892754191917124,0.9016791821806602,65.82478311117083,0.8141592920353983,outputs\hdbscan\real\breast_cancer_ID001\breast_cancer_hdbscan_results.txt,outputs\hdbscan\real\breast_cancer_ID001\figures,,outputs\hdbscan\real\breast_cancer_ID001\figures\breast_cancer_hdbscan_train_test.png,,5,5,0.0,eom,,,,,,,,,,,,,,,,,,,,,,,,,,
2026-02-14T23:12:54Z,breast_cancer,insdpc,breast_cancer_ID001,,42,balanced,0.8,,,,,,,2,,,,,,,,,,,,,0.19996534276196448,0.1985289147942453,0.041994796222148495,0.5909305616909053,0.20099761162668406,0.765858301962989,170.87732356392922,0.6206140350877193,0.260361417004187,0.25500772372263625,0.07827841747358781,0.5933884404633527,0.1919207460070676,0.7849259682077333,42.25899658062551,0.6548672566371682,outputs\insdpc\real\breast_cancer_ID001\breast_cancer_insdpc_results.txt,outputs\insdpc\real\breast_cancer_ID001\figures,,outputs\insdpc\real\breast_cancer_ID001\figures\breast_cancer_insdpc_train_test.png,,,,,,30,,,,,,,,,,,,,,,,,,,,,,,,,
2026-02-14T23:13:01Z,breast_cancer,amd_dbscan,breast_cancer_ID001,,42,balanced,0.8,,,,,,,,,,,,,,,,,,,,0.0,0.0,0.0,0.7289227125025018,nan,nan,nan,0.6271929824561403,0.0,0.0,0.0,0.7271595849240403,nan,nan,nan,0.6283185840707964,outputs\amd_dbscan\real\breast_cancer_ID001\breast_cancer_amd_dbscan_results.txt,outputs\amd_dbscan\real\breast_cancer_ID001\figures,,outputs\amd_dbscan\real\breast_cancer_ID001\figures\breast_cancer_amd_dbscan_train_test.png,1.0,5,,,,,15,outputs\amd_dbscan\real\breast_cancer_ID001\figures\breast_cancer_amd_dbscan_full_ground_truth.png,,,,,,,,,,,,,,,,,,,,,,,
2026-02-14T23:13:08Z,breast_cancer,mdbscan,breast_cancer_ID001,,42,balanced,0.8,,,,,,,,,,,,,,,,,,,,0.0,0.0,0.0,0.7289227125025018,nan,nan,nan,0.6271929824561403,0.0,0.0,0.0,0.7271595849240403,nan,nan,nan,0.6283185840707964,outputs\mdbscan\real\breast_cancer_ID001\breast_cancer_mdbscan_results.txt,outputs\mdbscan\real\breast_cancer_ID001\figures,,outputs\mdbscan\real\breast_cancer_ID001\figures\breast_cancer_mdbscan_train_test.png,,5,,,,,,,0.05,1.0,10,0.05,,,,,,,,,,,,,,,,,,,
2026-02-14T23:13:17Z,breast_cancer,spectral,breast_cancer_ID001,,42,balanced,0.8,,,,,,,2,,,,,,,,,,,,,0.0,0.0,0.0,0.7289227125025018,nan,nan,nan,0.6271929824561403,0.0,0.0,0.0,0.7271595849240403,nan,nan,nan,0.6283185840707964,outputs\spectral\real\breast_cancer_ID001\breast_cancer_spectral_results.txt,outputs\spectral\real\breast_cancer_ID001\figures,,outputs\spectral\real\breast_cancer_ID001\figures\breast_cancer_spectral_train_test.png,,,,,,,,,,,,,rbf,1.0,10,kmeans,,,,,,,,,,,,,,,
2026-02-14T23:13:25Z,breast_cancer,gnn,breast_cancer_ID001,,42,balanced,0.8,,,,,,,2,50,500,,,,,,,,,0.01,0.0001,0.2299367213594275,0.228218801766024,0.1825396777511969,0.7233234159760342,0.570588231086731,0.8712785580608099,259.7574236010753,0.7324561403508771,0.0,0.0,0.0,0.7271595849240403,nan,nan,nan,0.6283185840707964,outputs\gnn\real\breast_cancer_ID001\breast_cancer_gnn_results.txt,outputs\gnn\real\breast_cancer_ID001\figures,,outputs\gnn\real\breast_cancer_ID001\figures\breast_cancer_gnn_train_test.png,,,,,,,,,,,,,,,,,10,64,16,0.1,200,Z,,,,,,,,,
2026-02-14T23:13:33Z,breast_cancer,idec,breast_cancer_ID001,,42,balanced,0.8,,,,,,,2,,,,,,,,,,,0.001,0.0,0.4909469169023106,0.4900218300358992,0.5277290019946695,0.803099660638678,0.6804620623588562,0.5116221733137065,1021.3444367497912,0.8662280701754386,0.16322166313550304,0.1542571577489867,0.11362454953771034,0.7173545272532014,0.7043506503105164,0.38095284329738743,138.3863776178493,0.6991150442477876,outputs\idec\real\breast_cancer_ID001\breast_cancer_idec_results.txt,outputs\idec\real\breast_cancer_ID001\figures,,outputs\idec\real\breast_cancer_ID001\figures\breast_cancer_idec_train_test.png,,,,,,,,,,,,,,1.0,,,,128,,0.0,,Z,16,256,100,200,1.0,10,,,
2026-02-14T23:13:44Z,breast_cancer,gnn_contrastive,breast_cancer_ID001,,42,balanced,0.8,,,,,,,2,50,500,,,,,,,,,0.001,0.0001,0.3808925658842001,0.37968555165177587,0.3650487487083829,0.7562455514424586,0.6766029596328735,0.6080302172814789,780.8534273661472,0.8092105263157895,0.0,0.0,0.0,0.7271595849240403,nan,nan,nan,0.6283185840707964,outputs\gnn_contrastive\real\breast_cancer_ID001\breast_cancer_gnn_contrastive_results.txt,outputs\gnn_contrastive\real\breast_cancer_ID001\figures,,outputs\gnn_contrastive\real\breast_cancer_ID001\figures\breast_cancer_gnn_contrastive_train_test.png,,,,,,,,,,,,,,,,,10,128,64,0.1,300,Z,,,,,,,0.2,0.2,0.2
2026-02-14T23:14:43Z,digits,gothic,digits_ID001,cpu,42,balanced,0.8,none,100,64,64,64,120,10,50,500,0.4,41.07460021972656,5,32,4,64,4,2000,0.001,0.0001,0.9281448264497796,0.927241149624467,0.926259008261294,0.9336023116125749,0.1390663981437683,2.348558560051527,101.63896952742235,0.9659248956884562,0.9944721428127212,0.9941618363545693,0.9938116799903691,0.9944152033408998,0.34181833267211914,1.2908899414931225,73.46390995116953,0.9972144846796658,outputs\gothic\real\digits_ID001\digits_results.txt,outputs\gothic\real\digits_ID001\figures,outputs\gothic\real\digits_ID001\figures\digits_micro_graph.png,outputs\gothic\real\digits_ID001\figures\digits_train_test.png,,,,,,,,,,,,,,,,,,,,,,,,,,,,,,,
2026-02-14T23:14:51Z,digits,kmeans,digits_ID001,,42,balanced,0.8,,,,,,,10,50,500,,,,,,,,,,,0.7134797963355198,0.7098054144961818,0.5840291574991574,0.6308497610678258,0.16862617006525005,1.8525380629690082,121.94079686263679,0.6995827538247567,0.8378472888678861,0.8282346518484387,0.6371752018368917,0.6903458316650121,0.31570454868322173,1.1941084274637714,63.08101643182165,0.7298050139275766,outputs\kmeans\real\digits_ID001\digits_kmeans_results.txt,outputs\kmeans\real\digits_ID001\figures,,outputs\kmeans\real\digits_ID001\figures\digits_kmeans_train_test.png,,,,,,,,,,,,,,,,,,,,,,,,,,,,,,,
2026-02-14T23:14:58Z,digits,dbscan,digits_ID001,,42,balanced,0.8,,,,,,,,,,,,,,,,,,,,0.0,0.0,0.0,0.3152724700347261,nan,nan,nan,0.10152990264255911,0.0,0.0,0.0,0.3122636670344496,nan,nan,nan,0.10306406685236769,outputs\dbscan\real\digits_ID001\digits_dbscan_results.txt,outputs\dbscan\real\digits_ID001\figures,,outputs\dbscan\real\digits_ID001\figures\digits_dbscan_train_test.png,0.2,5,,,,,,,,,,,,,,,,,,,,,,,,,,,,,
2026-02-14T23:15:05Z,digits,hdbscan,digits_ID001,,42,balanced,0.8,,,,,,,,,,,,,,,,,,,,0.6735107780125122,0.6675642632052258,0.3634791701119627,0.46153755455752665,0.04887094313483216,2.1042192488749683,66.38899953711511,0.6467315716272601,0.786896543976653,0.7741930190105283,0.5780032063433094,0.6383602860858142,0.16443406940967156,1.6328344549131417,39.07136310552536,0.7103064066852368,outputs\hdbscan\real\digits_ID001\digits_hdbscan_results.txt,outputs\hdbscan\real\digits_ID001\figures,,outputs\hdbscan\real\digits_ID001\figures\digits_hdbscan_train_test.png,,5,5,0.0,eom,,,,,,,,,,,,,,,,,,,,,,,,,,
2026-02-14T23:15:16Z,digits,insdpc,digits_ID001,,42,balanced,0.8,,,,,,,10,,,,,,,,,,,,,0.7404484249198054,0.7371107709551737,0.6030755265819367,0.6472175272222194,0.11214122786634091,2.5583805934466772,100.76264621313838,0.7253129346314325,0.8272181806659078,0.8171556118523204,0.6707099784612407,0.7131693221090474,0.233597696138427,1.7970275466729517,53.625585283334715,0.7381615598885793,outputs\insdpc\real\digits_ID001\digits_insdpc_results.txt,outputs\insdpc\real\digits_ID001\figures,,outputs\insdpc\real\digits_ID001\figures\digits_insdpc_train_test.png,,,,,,30,,,,,,,,,,,,,,,,,,,,,,,,,
2026-02-14T23:15:24Z,digits,amd_dbscan,digits_ID001,,42,balanced,0.8,,,,,,,,,,,,,,,,,,,,0.0,0.0,0.0,0.3152724700347261,nan,nan,nan,0.10152990264255911,0.0,0.0,0.0,0.3122636670344496,nan,nan,nan,0.10306406685236769,outputs\amd_dbscan\real\digits_ID001\digits_amd_dbscan_results.txt,outputs\amd_dbscan\real\digits_ID001\figures,,outputs\amd_dbscan\real\digits_ID001\figures\digits_amd_dbscan_train_test.png,1.0,5,,,,,15,outputs\amd_dbscan\real\digits_ID001\figures\digits_amd_dbscan_full_ground_truth.png,,,,,,,,,,,,,,,,,,,,,,,
2026-02-14T23:15:32Z,digits,mdbscan,digits_ID001,,42,balanced,0.8,,,,,,,,,,,,,,,,,,,,0.0,0.0,0.0,0.3152724700347261,nan,nan,nan,0.10152990264255911,0.0,0.0,0.0,0.3122636670344496,nan,nan,nan,0.10306406685236769,outputs\mdbscan\real\digits_ID001\digits_mdbscan_results.txt,outputs\mdbscan\real\digits_ID001\figures,,outputs\mdbscan\real\digits_ID001\figures\digits_mdbscan_train_test.png,,5,,,,,,,0.05,1.0,10,0.05,,,,,,,,,,,,,,,,,,,
2026-02-14T23:18:11Z,digits,spectral,digits_ID001,,42,balanced,0.8,,,,,,,10,,,,,,,,,,,,,0.012330600707677351,7.255779951742366e-05,3.6774898701968886e-05,0.31335085929681966,-0.19183165606905392,1.045161799314427,0.9866599172504884,0.10500695410292073,0.0,0.0,0.0,0.3122636670344496,nan,nan,nan,0.10306406685236769,outputs\spectral\real\digits_ID001\digits_spectral_results.txt,outputs\spectral\real\digits_ID001\figures,,outputs\spectral\real\digits_ID001\figures\digits_spectral_train_test.png,,,,,,,,,,,,,rbf,1.0,10,kmeans,,,,,,,,,,,,,,,
2026-02-14T23:18:31Z,digits,gnn,digits_ID001,,42,balanced,0.8,,,,,,,10,50,500,,,,,,,,,0.01,0.0001,0.7913332556641202,0.7886682652966036,0.6911472593159689,0.7247462819063064,0.4527393877506256,0.8235191194536047,598.2502910148942,0.7635605006954103,0.9120582763328976,0.9075482019345785,0.813845851407922,0.8380102830415563,0.6628036499023438,0.5606618599858005,365.1803856111176,0.8579387186629527,outputs\gnn\real\digits_ID001\digits_gnn_results.txt,outputs\gnn\real\digits_ID001\figures,,outputs\gnn\real\digits_ID001\figures\digits_gnn_train_test.png,,,,,,,,,,,,,,,,,10,64,16,0.1,200,Z,,,,,,,,,
2026-02-14T23:18:42Z,digits,idec,digits_ID001,,42,balanced,0.8,,,,,,,10,,,,,,,,,,,0.001,0.0,0.6778565180043105,0.673732739263097,0.5392700410858048,0.5904645897267996,0.24022606015205383,1.483424276738059,273.5865367124642,0.6738525730180807,0.8094917726989546,0.7982032693954749,0.6087273474053021,0.6656122837925582,0.3913853168487549,1.054027449794611,123.50000212461707,0.724233983286908,outputs\idec\real\digits_ID001\digits_idec_results.txt,outputs\idec\real\digits_ID001\figures,,outputs\idec\real\digits_ID001\figures\digits_idec_train_test.png,,,,,,,,,,,,,,1.0,,,,128,,0.0,,Z,16,256,100,200,1.0,10,,,
2026-02-14T23:19:28Z,digits,gnn_contrastive,digits_ID001,,42,balanced,0.8,,,,,,,10,50,500,,,,,,,,,0.001,0.0001,0.1820908999883583,0.16795449818594088,0.021728989944608357,0.21029005057545055,0.08001638203859329,2.1443771033659234,53.75017004234174,0.19471488178025034,0.1988095535661047,0.1812256359365079,0.0668774298920787,0.28893515463107267,0.04477829858660698,2.623366945563575,14.125576979549505,0.25348189415041783,outputs\gnn_contrastive\real\digits_ID001\digits_gnn_contrastive_results.txt,outputs\gnn_contrastive\real\digits_ID001\figures,,outputs\gnn_contrastive\real\digits_ID001\figures\digits_gnn_contrastive_train_test.png,,,,,,,,,,,,,,,,,10,128,64,0.1,300,Z,,,,,,,0.2,0.2,0.2
2026-02-14T23:20:25Z,olivetti_faces,gothic,olivetti_faces_ID001,cpu,42,balanced,0.8,pca,100,128,64,128,120,40,50,500,0.4,10.998515129089355,5,32,4,64,4,2000,0.001,0.0001,0.8863767682445691,0.7978574710897031,0.587099856665074,0.6172384485852075,0.07189421355724335,1.9036344693313505,9.242991729707681,0.778125,0.933153532765275,0.7240636169199248,0.45508398928832267,0.5362882079785148,0.298761248588562,1.2389697503003596,5.387534332119979,0.8,outputs\gothic\real\olivetti_faces_ID001\olivetti_faces_results.txt,outputs\gothic\real\olivetti_faces_ID001\figures,outputs\gothic\real\olivetti_faces_ID001\figures\olivetti_faces_micro_graph.png,outputs\gothic\real\olivetti_faces_ID001\figures\olivetti_faces_train_test.png,,,,,,,,,,,,,,,,,,,,,,,,,,,,,,,
2026-02-14T23:20:43Z,olivetti_faces,kmeans,olivetti_faces_ID001,,42,balanced,0.8,,,,,,,40,50,500,,,,,,,,,,,0.7421315916544893,0.5365844100058194,0.3456771927238783,0.36594298277359544,0.1400440432253577,1.7501851147515275,11.858220809843191,0.534375,0.8610926504556872,0.48149000510491613,0.34300746775288526,0.4033896556503579,0.15572845944166375,1.2935582222691373,5.09444694096323,0.6125,outputs\kmeans\real\olivetti_faces_ID001\olivetti_faces_kmeans_results.txt,outputs\kmeans\real\olivetti_faces_ID001\figures,,outputs\kmeans\real\olivetti_faces_ID001\figures\olivetti_faces_kmeans_train_test.png,,,,,,,,,,,,,,,,,,,,,,,,,,,,,,,
2026-02-14T23:20:50Z,olivetti_faces,dbscan,olivetti_faces_ID001,,42,balanced,0.8,,,,,,,,,,,,,,,,,,,,0.0,0.0,0.0,0.14813363449166972,nan,nan,nan,0.025,0.0,0.0,0.0,0.1125087900926024,nan,nan,nan,0.025,outputs\dbscan\real\olivetti_faces_ID001\olivetti_faces_dbscan_results.txt,outputs\dbscan\real\olivetti_faces_ID001\figures,,outputs\dbscan\real\olivetti_faces_ID001\figures\olivetti_faces_dbscan_train_test.png,0.2,5,,,,,,,,,,,,,,,,,,,,,,,,,,,,,
2026-02-14T23:20:58Z,olivetti_faces,hdbscan,olivetti_faces_ID001,,42,balanced,0.8,,,,,,,,,,,,,,,,,,,,0.2654077199911558,0.21700965168765676,0.03147526557374548,0.1767560691023056,-0.07619757588599674,3.8192665701240682,5.616174329712679,0.084375,0.334289863448588,0.15894389575237247,0.02242055792696072,0.14458366733510483,-0.07835707618247637,2.974218891159839,2.100378747525122,0.0875,outputs\hdbscan\real\olivetti_faces_ID001\olivetti_faces_hdbscan_results.txt,outputs\hdbscan\real\olivetti_faces_ID001\figures,,outputs\hdbscan\real\olivetti_faces_ID001\figures\olivetti_faces_hdbscan_train_test.png,,5,5,0.0,eom,,,,,,,,,,,,,,,,,,,,,,,,,,
2026-02-14T23:21:06Z,olivetti_faces,insdpc,olivetti_faces_ID001,,42,balanced,0.8,,,,,,,40,,,,,,,,,,,,,0.6357037997204429,0.3980775642186469,0.21625082210744656,0.25715900409641007,-0.0493563835057868,1.9648069887039679,6.790780751544715,0.35625,0.8276673255639377,0.4599074430637949,0.27650232091331073,0.36816052025536194,0.09534434951118609,1.3951550719783647,4.436733337116398,0.475,outputs\insdpc\real\olivetti_faces_ID001\olivetti_faces_insdpc_results.txt,outputs\insdpc\real\olivetti_faces_ID001\figures,,outputs\insdpc\real\olivetti_faces_ID001\figures\olivetti_faces_insdpc_train_test.png,,,,,,30,,,,,,,,,,,,,,,,,,,,,,,,,
2026-02-14T23:21:14Z,olivetti_faces,amd_dbscan,olivetti_faces_ID001,,42,balanced,0.8,,,,,,,,,,,,,,,,,,,,0.0,0.0,0.0,0.14813363449166972,nan,nan,nan,0.025,0.0,0.0,0.0,0.1125087900926024,nan,nan,nan,0.025,outputs\amd_dbscan\real\olivetti_faces_ID001\olivetti_faces_amd_dbscan_results.txt,outputs\amd_dbscan\real\olivetti_faces_ID001\figures,,outputs\amd_dbscan\real\olivetti_faces_ID001\figures\olivetti_faces_amd_dbscan_train_test.png,1.0,5,,,,,15,outputs\amd_dbscan\real\olivetti_faces_ID001\figures\olivetti_faces_amd_dbscan_full_ground_truth.png,,,,,,,,,,,,,,,,,,,,,,,
2026-02-14T23:21:22Z,olivetti_faces,mdbscan,olivetti_faces_ID001,,42,balanced,0.8,,,,,,,,,,,,,,,,,,,,0.0,0.0,0.0,0.14813363449166972,nan,nan,nan,0.025,0.0,0.0,0.0,0.1125087900926024,nan,nan,nan,0.025,outputs\mdbscan\real\olivetti_faces_ID001\olivetti_faces_mdbscan_results.txt,outputs\mdbscan\real\olivetti_faces_ID001\figures,,outputs\mdbscan\real\olivetti_faces_ID001\figures\olivetti_faces_mdbscan_train_test.png,,5,,,,,,,0.05,1.0,10,0.05,,,,,,,,,,,,,,,,,,,
2026-02-14T23:21:30Z,olivetti_faces,spectral,olivetti_faces_ID001,,42,balanced,0.8,,,,,,,40,,,,,,,,,,,,,0.5364003138902925,0.32570974528102087,0.055535879476675036,0.17015520338358017,-0.0846632723173375,1.8592277667703734,2.9821080181352047,0.28125,0.6787287339280261,0.2968127909176011,0.06761886863371547,0.1922538386132731,0.0013660927457813832,1.4859822870826713,2.311515562052129,0.375,outputs\spectral\real\olivetti_faces_ID001\olivetti_faces_spectral_results.txt,outputs\spectral\real\olivetti_faces_ID001\figures,,outputs\spectral\real\olivetti_faces_ID001\figures\olivetti_faces_spectral_train_test.png,,,,,,,,,,,,,rbf,1.0,10,kmeans,,,,,,,,,,,,,,,
2026-02-14T23:21:41Z,olivetti_faces,gnn,olivetti_faces_ID001,,42,balanced,0.8,,,,,,,40,50,500,,,,,,,,,0.01,0.0001,0.0,0.0,0.0,0.14813363449166972,nan,nan,nan,0.025,0.0,0.0,0.0,0.1125087900926024,nan,nan,nan,0.025,outputs\gnn\real\olivetti_faces_ID001\olivetti_faces_gnn_results.txt,outputs\gnn\real\olivetti_faces_ID001\figures,,outputs\gnn\real\olivetti_faces_ID001\figures\olivetti_faces_gnn_train_test.png,,,,,,,,,,,,,,,,,10,64,16,0.1,200,Z,,,,,,,,,
2026-02-14T23:21:57Z,olivetti_faces,idec,olivetti_faces_ID001,,42,balanced,0.8,,,,,,,40,,,,,,,,,,,0.001,0.0,0.516677458391709,0.17461330202318776,0.06898715449827396,0.10300272215465182,0.17251870036125183,1.1649258588383198,253.13633036439478,0.24375,0.8204403672500916,0.22994598952893522,0.18113286566851639,0.20826304035018697,0.19223535060882568,0.7157673333793015,87.51285392971809,0.5375,outputs\idec\real\olivetti_faces_ID001\olivetti_faces_idec_results.txt,outputs\idec\real\olivetti_faces_ID001\figures,,outputs\idec\real\olivetti_faces_ID001\figures\olivetti_faces_idec_train_test.png,,,,,,,,,,,,,,1.0,,,,128,,0.0,,Z,16,256,100,200,1.0,10,,,
2026-02-14T23:22:19Z,olivetti_faces,gnn_contrastive,olivetti_faces_ID001,,42,balanced,0.8,,,,,,,40,50,500,,,,,,,,,0.001,0.0001,0.6801133789813059,0.4164350178844147,0.27459397507195793,0.2932047214883066,0.3569954037666321,0.9233443491388721,92.12548626618221,0.453125,0.6169631514423668,0.2838377098006568,0.0882872547894918,0.21392032339612982,0.17907904088497162,0.919385443831705,31.387798785779747,0.2,outputs\gnn_contrastive\real\olivetti_faces_ID001\olivetti_faces_gnn_contrastive_results.txt,outputs\gnn_contrastive\real\olivetti_faces_ID001\figures,,outputs\gnn_contrastive\real\olivetti_faces_ID001\figures\olivetti_faces_gnn_contrastive_train_test.png,,,,,,,,,,,,,,,,,10,128,64,0.1,300,Z,,,,,,,0.2,0.2,0.2
2026-02-15T11:43:47Z,wine,gothic,wine_seed0000_BASE,cpu,0,balanced,0.8,none,100,64,64,13,5,3,50,500,0.6,529.5430908203125,5,128,2,64,3,2000,0.003,0.001,0.33416964012836387,0.325104855780026,0.3149503988213806,0.5526689552887919,0.4052056670188904,0.5921331628336713,159.15927207464674,0.6690140845070423,0.8584607890322576,0.8501209361708232,0.8388447048974467,0.8900445033377782,0.5475022196769714,0.5918380783905407,219.6714463398873,0.9444444444444444,outputs\gothic\real\wine_seed0000_BASE\wine_results.txt,outputs\gothic\real\wine_seed0000_BASE\figures,outputs\gothic\real\wine_seed0000_BASE\figures\wine_micro_graph.png,outputs\gothic\real\wine_seed0000_BASE\figures\wine_train_test.png,,,,,,,,,,,,,,,,,,,,,,,,,,,,,,,
2026-02-15T11:44:38Z,wine,gothic,wine_seed0001_BASE,cpu,1,balanced,0.8,none,100,64,64,13,5,3,50,500,0.6,529.5430908203125,5,128,2,64,3,2000,0.003,0.001,0.33416964012836387,0.325104855780026,0.3149503988213806,0.5526689552887919,0.4052056670188904,0.5921331628336713,159.15927207464676,0.6690140845070423,0.8584607890322576,0.8501209361708232,0.8388447048974467,0.8900445033377782,0.5475022196769714,0.5918380783905407,219.67144633988727,0.9444444444444444,outputs\gothic\real\wine_seed0001_BASE\wine_results.txt,outputs\gothic\real\wine_seed0001_BASE\figures,outputs\gothic\real\wine_seed0001_BASE\figures\wine_micro_graph.png,outputs\gothic\real\wine_seed0001_BASE\figures\wine_train_test.png,,,,,,,,,,,,,,,,,,,,,,,,,,,,,,,
2026-02-15T11:45:25Z,wine,gothic,wine_seed0002_BASE,cpu,2,balanced,0.8,none,100,64,64,13,5,3,50,500,0.6,529.5430908203125,5,128,2,64,3,2000,0.003,0.001,0.33416964012836387,0.325104855780026,0.3149503988213806,0.5526689552887919,0.4052056670188904,0.5921331628336713,159.15927207464674,0.6690140845070423,0.8584607890322576,0.8501209361708232,0.8388447048974467,0.8900445033377782,0.5475022196769714,0.5918380783905407,219.6714463398873,0.9444444444444444,outputs\gothic\real\wine_seed0002_BASE\wine_results.txt,outputs\gothic\real\wine_seed0002_BASE\figures,outputs\gothic\real\wine_seed0002_BASE\figures\wine_micro_graph.png,outputs\gothic\real\wine_seed0002_BASE\figures\wine_train_test.png,,,,,,,,,,,,,,,,,,,,,,,,,,,,,,,
2026-02-15T11:46:13Z,wine,gothic,wine_seed0003_BASE,cpu,3,balanced,0.8,none,100,64,64,13,5,3,50,500,0.6,529.5430908203125,5,128,2,64,3,2000,0.003,0.001,0.33416964012836387,0.325104855780026,0.3149503988213806,0.5526689552887919,0.4052056670188904,0.5921331628336713,159.15927207464676,0.6690140845070423,0.8584607890322576,0.8501209361708232,0.8388447048974467,0.8900445033377782,0.5475022196769714,0.5918380783905407,219.67144633988727,0.9444444444444444,outputs\gothic\real\wine_seed0003_BASE\wine_results.txt,outputs\gothic\real\wine_seed0003_BASE\figures,outputs\gothic\real\wine_seed0003_BASE\figures\wine_micro_graph.png,outputs\gothic\real\wine_seed0003_BASE\figures\wine_train_test.png,,,,,,,,,,,,,,,,,,,,,,,,,,,,,,,
2026-02-15T11:47:02Z,wine,gothic,wine_seed0004_BASE,cpu,4,balanced,0.8,none,100,64,64,13,5,3,50,500,0.6,529.5430908203125,5,128,2,64,3,2000,0.003,0.001,0.33416964012836387,0.325104855780026,0.3149503988213806,0.5526689552887919,0.4052056670188904,0.5921331628336713,159.15927207464674,0.6690140845070423,0.8584607890322576,0.8501209361708232,0.8388447048974467,0.8900445033377782,0.5475022196769714,0.5918380783905407,219.6714463398873,0.9444444444444444,outputs\gothic\real\wine_seed0004_BASE\wine_results.txt,outputs\gothic\real\wine_seed0004_BASE\figures,outputs\gothic\real\wine_seed0004_BASE\figures\wine_micro_graph.png,outputs\gothic\real\wine_seed0004_BASE\figures\wine_train_test.png,,,,,,,,,,,,,,,,,,,,,,,,,,,,,,,
2026-02-15T11:47:52Z,wine,gothic,wine_seed0042_BASE,cpu,42,balanced,0.8,none,100,64,64,13,5,3,50,500,0.6,529.5430908203125,5,128,2,64,3,2000,0.003,0.001,0.33416964012836387,0.325104855780026,0.3149503988213806,0.5526689552887919,0.4052056670188904,0.5921331628336713,159.15927207464674,0.6690140845070423,0.8584607890322576,0.8501209361708232,0.8388447048974467,0.8900445033377782,0.5475022196769714,0.5918380783905407,219.6714463398873,0.9444444444444444,outputs\gothic\real\wine_seed0042_BASE\wine_results.txt,outputs\gothic\real\wine_seed0042_BASE\figures,outputs\gothic\real\wine_seed0042_BASE\figures\wine_micro_graph.png,outputs\gothic\real\wine_seed0042_BASE\figures\wine_train_test.png,,,,,,,,,,,,,,,,,,,,,,,,,,,,,,,
2026-02-15T11:48:44Z,wine,gothic,wine_seed1337_BASE,cpu,1337,balanced,0.8,none,100,64,64,13,5,3,50,500,0.6,529.5430908203125,5,128,2,64,3,2000,0.003,0.001,0.33416964012836387,0.325104855780026,0.3149503988213806,0.5526689552887919,0.4052056670188904,0.5921331628336713,159.15927207464674,0.6690140845070423,0.8584607890322576,0.8501209361708232,0.8388447048974467,0.8900445033377782,0.5475022196769714,0.5918380783905407,219.6714463398873,0.9444444444444444,outputs\gothic\real\wine_seed1337_BASE\wine_results.txt,outputs\gothic\real\wine_seed1337_BASE\figures,outputs\gothic\real\wine_seed1337_BASE\figures\wine_micro_graph.png,outputs\gothic\real\wine_seed1337_BASE\figures\wine_train_test.png,,,,,,,,,,,,,,,,,,,,,,,,,,,,,,,
2026-02-15T11:49:36Z,wine,gothic,wine_seed2024_BASE,cpu,2024,balanced,0.8,none,100,64,64,13,5,3,50,500,0.6,529.5430908203125,5,128,2,64,3,2000,0.003,0.001,0.33416964012836387,0.325104855780026,0.3149503988213806,0.5526689552887919,0.4052056670188904,0.5921331628336713,159.15927207464676,0.6690140845070423,0.8584607890322576,0.8501209361708232,0.8388447048974467,0.8900445033377782,0.5475022196769714,0.5918380783905407,219.67144633988727,0.9444444444444444,outputs\gothic\real\wine_seed2024_BASE\wine_results.txt,outputs\gothic\real\wine_seed2024_BASE\figures,outputs\gothic\real\wine_seed2024_BASE\figures\wine_micro_graph.png,outputs\gothic\real\wine_seed2024_BASE\figures\wine_train_test.png,,,,,,,,,,,,,,,,,,,,,,,,,,,,,,,
2026-02-15T11:50:35Z,wine,gothic,wine_abl_n_micro_2_seed42,cpu,42,balanced,0.8,none,100,64,64,13,2,3,50,500,0.6,572.6397094726562,5,128,2,64,3,2000,0.003,0.001,0.373332113777085,0.36799212366264394,0.3224821202207682,0.6324194750452363,0.6248350143432617,0.5177810547304189,336.5964782561806,0.6408450704225352,0.7376351524042551,0.7281798157360085,0.5688137979584653,0.7685331969757723,0.8012292385101318,0.315057086496452,277.39865765164114,0.7222222222222222,outputs\gothic\real\wine_abl_n_micro_2_seed42\wine_results.txt,outputs\gothic\real\wine_abl_n_micro_2_seed42\figures,outputs\gothic\real\wine_abl_n_micro_2_seed42\figures\wine_micro_graph.png,outputs\gothic\real\wine_abl_n_micro_2_seed42\figures\wine_train_test.png,,,,,,,,,,,,,,,,,,,,,,,,,,,,,,,
2026-02-15T11:51:31Z,wine,gothic,wine_abl_n_micro_3_seed42,cpu,42,balanced,0.8,none,100,64,64,13,3,3,50,500,0.6,511.80804443359375,5,128,2,64,3,2000,0.003,0.001,0.3914188428053635,0.38308602409029296,0.2911135088103455,0.5387631652749719,0.5379403233528137,0.5667521978360974,393.20114007443016,0.6056338028169014,0.784929887207139,0.7711242939094198,0.7202238209432454,0.8187218649136411,0.6793212294578552,0.30927433226681394,236.9910274257085,0.8888888888888888,outputs\gothic\real\wine_abl_n_micro_3_seed42\wine_results.txt,outputs\gothic\real\wine_abl_n_micro_3_seed42\figures,outputs\gothic\real\wine_abl_n_micro_3_seed42\figures\wine_micro_graph.png,outputs\gothic\real\wine_abl_n_micro_3_seed42\figures\wine_train_test.png,,,,,,,,,,,,,,,,,,,,,,,,,,,,,,,
2026-02-15T11:52:07Z,wine,gothic,wine_abl_n_micro_5_seed42,cpu,42,balanced,0.8,none,100,64,64,13,5,3,50,500,0.6,529.5430908203125,5,128,2,64,3,2000,0.003,0.001,0.33416964012836387,0.325104855780026,0.3149503988213806,0.5526689552887919,0.4052056670188904,0.5921331628336713,159.15927207464674,0.6690140845070423,0.8584607890322576,0.8501209361708232,0.8388447048974467,0.8900445033377782,0.5475022196769714,0.5918380783905407,219.6714463398873,0.9444444444444444,outputs\gothic\real\wine_abl_n_micro_5_seed42\wine_results.txt,outputs\gothic\real\wine_abl_n_micro_5_seed42\figures,outputs\gothic\real\wine_abl_n_micro_5_seed42\figures\wine_micro_graph.png,outputs\gothic\real\wine_abl_n_micro_5_seed42\figures\wine_train_test.png,,,,,,,,,,,,,,,,,,,,,,,,,,,,,,,
2026-02-15T11:52:41Z,wine,gothic,wine_abl_n_micro_8_seed42,cpu,42,balanced,0.8,none,100,64,64,13,8,3,50,500,0.6,522.6947021484375,5,128,2,64,3,2000,0.003,0.001,0.34621173115379905,0.33719585901281995,0.3578217090246777,0.5843805223754673,0.20830956101417542,2.0973818542559814,166.30637402130063,0.6971830985915493,0.7185396951254008,0.6977165250271946,0.5856285455890816,0.7581045923409473,0.39442750811576843,0.5194187155537698,147.59455158964414,0.7777777777777778,outputs\gothic\real\wine_abl_n_micro_8_seed42\wine_results.txt,outputs\gothic\real\wine_abl_n_micro_8_seed42\figures,outputs\gothic\real\wine_abl_n_micro_8_seed42\figures\wine_micro_graph.png,outputs\gothic\real\wine_abl_n_micro_8_seed42\figures\wine_train_test.png,,,,,,,,,,,,,,,,,,,,,,,,,,,,,,,
2026-02-15T11:53:18Z,wine,gothic,wine_abl_n_micro_12_seed42,cpu,42,balanced,0.8,none,100,64,64,13,12,3,50,500,0.6,536.0155639648438,5,128,2,64,3,2000,0.003,0.001,0.3643717332803071,0.35576480929345494,0.3681823759314023,0.5848969876373055,0.26696324348449707,1.445668170188528,140.97843607064468,0.704225352112676,0.6197261451730259,0.5965046982405926,0.5408372432013848,0.6925959070080963,0.29159748554229736,3.070628713273015,136.9175689782751,0.7777777777777778,outputs\gothic\real\wine_abl_n_micro_12_seed42\wine_results.txt,outputs\gothic\real\wine_abl_n_micro_12_seed42\figures,outputs\gothic\real\wine_abl_n_micro_12_seed42\figures\wine_micro_graph.png,outputs\gothic\real\wine_abl_n_micro_12_seed42\figures\wine_train_test.png,,,,,,,,,,,,,,,,,,,,,,,,,,,,,,,
2026-02-15T11:53:56Z,wine,gothic,wine_abl_n_micro_20_seed42,cpu,42,balanced,0.8,none,100,64,64,13,20,3,50,500,0.6,488.5111083984375,5,128,2,64,3,2000,0.003,0.001,0.3436946858583326,0.33488438860445335,0.36939007782934974,0.5820501715836178,0.2612426280975342,0.9259567792291034,155.0900874772555,0.7112676056338029,0.7187157352882442,0.6987204771226353,0.5733719915326505,0.760302262321335,0.3071182370185852,0.5399241025040339,140.10506811391943,0.75,outputs\gothic\real\wine_abl_n_micro_20_seed42\wine_results.txt,outputs\gothic\real\wine_abl_n_micro_20_seed42\figures,outputs\gothic\real\wine_abl_n_micro_20_seed42\figures\wine_micro_graph.png,outputs\gothic\real\wine_abl_n_micro_20_seed42\figures\wine_train_test.png,,,,,,,,,,,,,,,,,,,,,,,,,,,,,,,
2026-02-15T11:54:40Z,wine,gothic,wine_abl_dist_quantile_0p2_seed42,cpu,42,balanced,0.8,none,100,64,64,13,5,3,50,500,0.2,265.07757568359375,5,128,2,64,3,2000,0.003,0.001,0.36666206133483675,0.3560805493330081,0.2217155772646803,0.5803167913461234,0.5389278531074524,0.5149851400343683,215.45388853401084,0.5422535211267606,0.6505421643640495,0.6251290801031104,0.43548387096774194,0.6676851083181343,0.8244550228118896,0.15590528791406563,245.24143171249784,0.5555555555555556,outputs\gothic\real\wine_abl_dist_quantile_0p2_seed42\wine_results.txt,outputs\gothic\real\wine_abl_dist_quantile_0p2_seed42\figures,outputs\gothic\real\wine_abl_dist_quantile_0p2_seed42\figures\wine_micro_graph.png,outputs\gothic\real\wine_abl_dist_quantile_0p2_seed42\figures\wine_train_test.png,,,,,,,,,,,,,,,,,,,,,,,,,,,,,,,
2026-02-15T11:55:16Z,wine,gothic,wine_abl_dist_quantile_0p3_seed42,cpu,42,balanced,0.8,none,100,64,64,13,5,3,50,500,0.3,307.85186767578125,5,128,2,64,3,2000,0.003,0.001,0.2506089870637783,0.23888589995635595,0.08367012170702826,0.4656319653880211,0.3571615219116211,0.5562304266124426,162.91587936261743,0.5140845070422535,0.5910995421905656,0.5648517602627943,0.46842525979216626,0.6531376675153765,0.32428309321403503,0.6505419643894638,52.90189739143047,0.7777777777777778,outputs\gothic\real\wine_abl_dist_quantile_0p3_seed42\wine_results.txt,outputs\gothic\real\wine_abl_dist_quantile_0p3_seed42\figures,outputs\gothic\real\wine_abl_dist_quantile_0p3_seed42\figures\wine_micro_graph.png,outputs\gothic\real\wine_abl_dist_quantile_0p3_seed42\figures\wine_train_test.png,,,,,,,,,,,,,,,,,,,,,,,,,,,,,,,
2026-02-15T11:55:52Z,wine,gothic,wine_abl_dist_quantile_0p4_seed42,cpu,42,balanced,0.8,none,100,64,64,13,5,3,50,500,0.4,368.8674621582031,5,128,2,64,3,2000,0.003,0.001,0.33416964012836387,0.325104855780026,0.3149503988213806,0.5526689552887919,0.4052056670188904,0.5921331628336713,159.15927207464674,0.6690140845070423,0.8584607890322576,0.8501209361708232,0.8388447048974467,0.8900445033377782,0.5475022196769714,0.5918380783905407,219.6714463398873,0.9444444444444444,outputs\gothic\real\wine_abl_dist_quantile_0p4_seed42\wine_results.txt,outputs\gothic\real\wine_abl_dist_quantile_0p4_seed42\figures,outputs\gothic\real\wine_abl_dist_quantile_0p4_seed42\figures\wine_micro_graph.png,outputs\gothic\real\wine_abl_dist_quantile_0p4_seed42\figures\wine_train_test.png,,,,,,,,,,,,,,,,,,,,,,,,,,,,,,,
2026-02-15T11:56:28Z,wine,gothic,wine_abl_dist_quantile_0p5_seed42,cpu,42,balanced,0.8,none,100,64,64,13,5,3,50,500,0.5,442.1153564453125,5,128,2,64,3,2000,0.003,0.001,0.33416964012836387,0.325104855780026,0.3149503988213806,0.5526689552887919,0.4052056670188904,0.5921331628336713,159.15927207464674,0.6690140845070423,0.8584607890322576,0.8501209361708232,0.8388447048974467,0.8900445033377782,0.5475022196769714,0.5918380783905407,219.6714463398873,0.9444444444444444,outputs\gothic\real\wine_abl_dist_quantile_0p5_seed42\wine_results.txt,outputs\gothic\real\wine_abl_dist_quantile_0p5_seed42\figures,outputs\gothic\real\wine_abl_dist_quantile_0p5_seed42\figures\wine_micro_graph.png,outputs\gothic\real\wine_abl_dist_quantile_0p5_seed42\figures\wine_train_test.png,,,,,,,,,,,,,,,,,,,,,,,,,,,,,,,
2026-02-15T11:57:03Z,wine,gothic,wine_abl_dist_quantile_0p6_seed42,cpu,42,balanced,0.8,none,100,64,64,13,5,3,50,500,0.6,529.5430908203125,5,128,2,64,3,2000,0.003,0.001,0.33416964012836387,0.325104855780026,0.3149503988213806,0.5526689552887919,0.4052056670188904,0.5921331628336713,159.15927207464674,0.6690140845070423,0.8584607890322576,0.8501209361708232,0.8388447048974467,0.8900445033377782,0.5475022196769714,0.5918380783905407,219.6714463398873,0.9444444444444444,outputs\gothic\real\wine_abl_dist_quantile_0p6_seed42\wine_results.txt,outputs\gothic\real\wine_abl_dist_quantile_0p6_seed42\figures,outputs\gothic\real\wine_abl_dist_quantile_0p6_seed42\figures\wine_micro_graph.png,outputs\gothic\real\wine_abl_dist_quantile_0p6_seed42\figures\wine_train_test.png,,,,,,,,,,,,,,,,,,,,,,,,,,,,,,,
2026-02-15T11:57:39Z,wine,gothic,wine_abl_dist_quantile_0p7_seed42,cpu,42,balanced,0.8,none,100,64,64,13,5,3,50,500,0.7,624.9190063476562,5,128,2,64,3,2000,0.003,0.001,0.33416964012836387,0.325104855780026,0.3149503988213806,0.5526689552887919,0.4052056670188904,0.5921331628336713,159.15927207464674,0.6690140845070423,0.8584607890322576,0.8501209361708232,0.8388447048974467,0.8900445033377782,0.5475022196769714,0.5918380783905407,219.6714463398873,0.9444444444444444,outputs\gothic\real\wine_abl_dist_quantile_0p7_seed42\wine_results.txt,outputs\gothic\real\wine_abl_dist_quantile_0p7_seed42\figures,outputs\gothic\real\wine_abl_dist_quantile_0p7_seed42\figures\wine_micro_graph.png,outputs\gothic\real\wine_abl_dist_quantile_0p7_seed42\figures\wine_train_test.png,,,,,,,,,,,,,,,,,,,,,,,,,,,,,,,
2026-02-15T11:58:17Z,wine,gothic,wine_abl_b_boundary_1_seed42,cpu,42,balanced,0.8,none,100,64,64,13,5,3,50,500,0.6,529.5430908203125,1,128,2,64,3,2000,0.003,0.001,0.33416964012836387,0.325104855780026,0.3149503988213806,0.5526689552887919,0.4052056670188904,0.5921331628336713,159.15927207464674,0.6690140845070423,0.8584607890322576,0.8501209361708232,0.8388447048974467,0.8900445033377782,0.5475022196769714,0.5918380783905407,219.6714463398873,0.9444444444444444,outputs\gothic\real\wine_abl_b_boundary_1_seed42\wine_results.txt,outputs\gothic\real\wine_abl_b_boundary_1_seed42\figures,outputs\gothic\real\wine_abl_b_boundary_1_seed42\figures\wine_micro_graph.png,outputs\gothic\real\wine_abl_b_boundary_1_seed42\figures\wine_train_test.png,,,,,,,,,,,,,,,,,,,,,,,,,,,,,,,
2026-02-15T11:58:53Z,wine,gothic,wine_abl_b_boundary_3_seed42,cpu,42,balanced,0.8,none,100,64,64,13,5,3,50,500,0.6,529.5430908203125,3,128,2,64,3,2000,0.003,0.001,0.33416964012836387,0.325104855780026,0.3149503988213806,0.5526689552887919,0.4052056670188904,0.5921331628336713,159.15927207464674,0.6690140845070423,0.8584607890322576,0.8501209361708232,0.8388447048974467,0.8900445033377782,0.5475022196769714,0.5918380783905407,219.6714463398873,0.9444444444444444,outputs\gothic\real\wine_abl_b_boundary_3_seed42\wine_results.txt,outputs\gothic\real\wine_abl_b_boundary_3_seed42\figures,outputs\gothic\real\wine_abl_b_boundary_3_seed42\figures\wine_micro_graph.png,outputs\gothic\real\wine_abl_b_boundary_3_seed42\figures\wine_train_test.png,,,,,,,,,,,,,,,,,,,,,,,,,,,,,,,
2026-02-15T11:59:29Z,wine,gothic,wine_abl_b_boundary_5_seed42,cpu,42,balanced,0.8,none,100,64,64,13,5,3,50,500,0.6,529.5430908203125,5,128,2,64,3,2000,0.003,0.001,0.33416964012836387,0.325104855780026,0.3149503988213806,0.5526689552887919,0.4052056670188904,0.5921331628336713,159.15927207464674,0.6690140845070423,0.8584607890322576,0.8501209361708232,0.8388447048974467,0.8900445033377782,0.5475022196769714,0.5918380783905407,219.6714463398873,0.9444444444444444,outputs\gothic\real\wine_abl_b_boundary_5_seed42\wine_results.txt,outputs\gothic\real\wine_abl_b_boundary_5_seed42\figures,outputs\gothic\real\wine_abl_b_boundary_5_seed42\figures\wine_micro_graph.png,outputs\gothic\real\wine_abl_b_boundary_5_seed42\figures\wine_train_test.png,,,,,,,,,,,,,,,,,,,,,,,,,,,,,,,
2026-02-15T12:00:05Z,wine,gothic,wine_abl_b_boundary_7_seed42,cpu,42,balanced,0.8,none,100,64,64,13,5,3,50,500,0.6,529.5430908203125,7,128,2,64,3,2000,0.003,0.001,0.33416964012836387,0.325104855780026,0.3149503988213806,0.5526689552887919,0.4052056670188904,0.5921331628336713,159.15927207464674,0.6690140845070423,0.8584607890322576,0.8501209361708232,0.8388447048974467,0.8900445033377782,0.5475022196769714,0.5918380783905407,219.6714463398873,0.9444444444444444,outputs\gothic\real\wine_abl_b_boundary_7_seed42\wine_results.txt,outputs\gothic\real\wine_abl_b_boundary_7_seed42\figures,outputs\gothic\real\wine_abl_b_boundary_7_seed42\figures\wine_micro_graph.png,outputs\gothic\real\wine_abl_b_boundary_7_seed42\figures\wine_train_test.png,,,,,,,,,,,,,,,,,,,,,,,,,,,,,,,
2026-02-15T12:00:40Z,wine,gothic,wine_abl_b_boundary_10_seed42,cpu,42,balanced,0.8,none,100,64,64,13,5,3,50,500,0.6,529.5430908203125,10,128,2,64,3,2000,0.003,0.001,0.33416964012836387,0.325104855780026,0.3149503988213806,0.5526689552887919,0.4052056670188904,0.5921331628336713,159.15927207464674,0.6690140845070423,0.8584607890322576,0.8501209361708232,0.8388447048974467,0.8900445033377782,0.5475022196769714,0.5918380783905407,219.6714463398873,0.9444444444444444,outputs\gothic\real\wine_abl_b_boundary_10_seed42\wine_results.txt,outputs\gothic\real\wine_abl_b_boundary_10_seed42\figures,outputs\gothic\real\wine_abl_b_boundary_10_seed42\figures\wine_micro_graph.png,outputs\gothic\real\wine_abl_b_boundary_10_seed42\figures\wine_train_test.png,,,,,,,,,,,,,,,,,,,,,,,,,,,,,,,
2026-02-15T12:01:09Z,wine,gothic,wine_abl_d_model_32_seed42,cpu,42,balanced,0.8,none,100,64,64,13,5,3,50,500,0.6,529.5430908203125,5,32,2,64,3,2000,0.003,0.001,0.33416964012836387,0.325104855780026,0.3149503988213806,0.5526689552887919,0.4052056670188904,0.5921331628336713,159.15927207464674,0.6690140845070423,0.8584607890322576,0.8501209361708232,0.8388447048974467,0.8900445033377782,0.5475022196769714,0.5918380783905407,219.6714463398873,0.9444444444444444,outputs\gothic\real\wine_abl_d_model_32_seed42\wine_results.txt,outputs\gothic\real\wine_abl_d_model_32_seed42\figures,outputs\gothic\real\wine_abl_d_model_32_seed42\figures\wine_micro_graph.png,outputs\gothic\real\wine_abl_d_model_32_seed42\figures\wine_train_test.png,,,,,,,,,,,,,,,,,,,,,,,,,,,,,,,
2026-02-15T12:01:41Z,wine,gothic,wine_abl_d_model_64_seed42,cpu,42,balanced,0.8,none,100,64,64,13,5,3,50,500,0.6,529.5430908203125,5,64,2,64,3,2000,0.003,0.001,0.33416964012836387,0.325104855780026,0.3149503988213806,0.5526689552887919,0.4052056670188904,0.5921331628336713,159.15927207464674,0.6690140845070423,0.8584607890322576,0.8501209361708232,0.8388447048974467,0.8900445033377782,0.5475022196769714,0.5918380783905407,219.6714463398873,0.9444444444444444,outputs\gothic\real\wine_abl_d_model_64_seed42\wine_results.txt,outputs\gothic\real\wine_abl_d_model_64_seed42\figures,outputs\gothic\real\wine_abl_d_model_64_seed42\figures\wine_micro_graph.png,outputs\gothic\real\wine_abl_d_model_64_seed42\figures\wine_train_test.png,,,,,,,,,,,,,,,,,,,,,,,,,,,,,,,
2026-02-15T12:02:18Z,wine,gothic,wine_abl_d_model_128_seed42,cpu,42,balanced,0.8,none,100,64,64,13,5,3,50,500,0.6,529.5430908203125,5,128,2,64,3,2000,0.003,0.001,0.33416964012836387,0.325104855780026,0.3149503988213806,0.5526689552887919,0.4052056670188904,0.5921331628336713,159.15927207464674,0.6690140845070423,0.8584607890322576,0.8501209361708232,0.8388447048974467,0.8900445033377782,0.5475022196769714,0.5918380783905407,219.6714463398873,0.9444444444444444,outputs\gothic\real\wine_abl_d_model_128_seed42\wine_results.txt,outputs\gothic\real\wine_abl_d_model_128_seed42\figures,outputs\gothic\real\wine_abl_d_model_128_seed42\figures\wine_micro_graph.png,outputs\gothic\real\wine_abl_d_model_128_seed42\figures\wine_train_test.png,,,,,,,,,,,,,,,,,,,,,,,,,,,,,,,
2026-02-15T12:03:24Z,wine,gothic,wine_abl_d_model_256_seed42,cpu,42,balanced,0.8,none,100,64,64,13,5,3,50,500,0.6,529.5430908203125,5,256,2,64,3,2000,0.003,0.001,0.33416964012836387,0.325104855780026,0.3149503988213806,0.5526689552887919,0.4052056670188904,0.5921331628336713,159.15927207464674,0.6690140845070423,0.8584607890322576,0.8501209361708232,0.8388447048974467,0.8900445033377782,0.5475022196769714,0.5918380783905407,219.6714463398873,0.9444444444444444,outputs\gothic\real\wine_abl_d_model_256_seed42\wine_results.txt,outputs\gothic\real\wine_abl_d_model_256_seed42\figures,outputs\gothic\real\wine_abl_d_model_256_seed42\figures\wine_micro_graph.png,outputs\gothic\real\wine_abl_d_model_256_seed42\figures\wine_train_test.png,,,,,,,,,,,,,,,,,,,,,,,,,,,,,,,
2026-02-15T12:04:18Z,wine,gothic,wine_abl_n_heads_1_seed42,cpu,42,balanced,0.8,none,100,64,64,13,5,3,50,500,0.6,529.5430908203125,5,128,1,64,3,2000,0.003,0.001,0.33416964012836387,0.325104855780026,0.3149503988213806,0.5526689552887919,0.4052056670188904,0.5921331628336713,159.15927207464674,0.6690140845070423,0.8584607890322576,0.8501209361708232,0.8388447048974467,0.8900445033377782,0.5475022196769714,0.5918380783905407,219.6714463398873,0.9444444444444444,outputs\gothic\real\wine_abl_n_heads_1_seed42\wine_results.txt,outputs\gothic\real\wine_abl_n_heads_1_seed42\figures,outputs\gothic\real\wine_abl_n_heads_1_seed42\figures\wine_micro_graph.png,outputs\gothic\real\wine_abl_n_heads_1_seed42\figures\wine_train_test.png,,,,,,,,,,,,,,,,,,,,,,,,,,,,,,,
2026-02-15T12:05:12Z,wine,gothic,wine_abl_n_heads_2_seed42,cpu,42,balanced,0.8,none,100,64,64,13,5,3,50,500,0.6,529.5430908203125,5,128,2,64,3,2000,0.003,0.001,0.33416964012836387,0.325104855780026,0.3149503988213806,0.5526689552887919,0.4052056670188904,0.5921331628336713,159.15927207464674,0.6690140845070423,0.8584607890322576,0.8501209361708232,0.8388447048974467,0.8900445033377782,0.5475022196769714,0.5918380783905407,219.6714463398873,0.9444444444444444,outputs\gothic\real\wine_abl_n_heads_2_seed42\wine_results.txt,outputs\gothic\real\wine_abl_n_heads_2_seed42\figures,outputs\gothic\real\wine_abl_n_heads_2_seed42\figures\wine_micro_graph.png,outputs\gothic\real\wine_abl_n_heads_2_seed42\figures\wine_train_test.png,,,,,,,,,,,,,,,,,,,,,,,,,,,,,,,
2026-02-15T12:06:06Z,wine,gothic,wine_abl_n_heads_4_seed42,cpu,42,balanced,0.8,none,100,64,64,13,5,3,50,500,0.6,529.5430908203125,5,128,4,64,3,2000,0.003,0.001,0.33416964012836387,0.325104855780026,0.3149503988213806,0.5526689552887919,0.4052056670188904,0.5921331628336713,159.15927207464674,0.6690140845070423,0.8584607890322576,0.8501209361708232,0.8388447048974467,0.8900445033377782,0.5475022196769714,0.5918380783905407,219.6714463398873,0.9444444444444444,outputs\gothic\real\wine_abl_n_heads_4_seed42\wine_results.txt,outputs\gothic\real\wine_abl_n_heads_4_seed42\figures,outputs\gothic\real\wine_abl_n_heads_4_seed42\figures\wine_micro_graph.png,outputs\gothic\real\wine_abl_n_heads_4_seed42\figures\wine_train_test.png,,,,,,,,,,,,,,,,,,,,,,,,,,,,,,,
2026-02-15T12:07:00Z,wine,gothic,wine_abl_n_heads_8_seed42,cpu,42,balanced,0.8,none,100,64,64,13,5,3,50,500,0.6,529.5430908203125,5,128,8,64,3,2000,0.003,0.001,0.33416964012836387,0.325104855780026,0.3149503988213806,0.5526689552887919,0.4052056670188904,0.5921331628336713,159.15927207464674,0.6690140845070423,0.8584607890322576,0.8501209361708232,0.8388447048974467,0.8900445033377782,0.5475022196769714,0.5918380783905407,219.6714463398873,0.9444444444444444,outputs\gothic\real\wine_abl_n_heads_8_seed42\wine_results.txt,outputs\gothic\real\wine_abl_n_heads_8_seed42\figures,outputs\gothic\real\wine_abl_n_heads_8_seed42\figures\wine_micro_graph.png,outputs\gothic\real\wine_abl_n_heads_8_seed42\figures\wine_train_test.png,,,,,,,,,,,,,,,,,,,,,,,,,,,,,,,
2026-02-15T12:07:54Z,wine,gothic,wine_abl_attn_hidden_32_seed42,cpu,42,balanced,0.8,none,100,64,64,13,5,3,50,500,0.6,529.5430908203125,5,128,2,32,3,2000,0.003,0.001,0.33416964012836387,0.325104855780026,0.3149503988213806,0.5526689552887919,0.4052056670188904,0.5921331628336713,159.15927207464674,0.6690140845070423,0.8584607890322576,0.8501209361708232,0.8388447048974467,0.8900445033377782,0.5475022196769714,0.5918380783905407,219.6714463398873,0.9444444444444444,outputs\gothic\real\wine_abl_attn_hidden_32_seed42\wine_results.txt,outputs\gothic\real\wine_abl_attn_hidden_32_seed42\figures,outputs\gothic\real\wine_abl_attn_hidden_32_seed42\figures\wine_micro_graph.png,outputs\gothic\real\wine_abl_attn_hidden_32_seed42\figures\wine_train_test.png,,,,,,,,,,,,,,,,,,,,,,,,,,,,,,,
2026-02-15T12:08:46Z,wine,gothic,wine_abl_attn_hidden_64_seed42,cpu,42,balanced,0.8,none,100,64,64,13,5,3,50,500,0.6,529.5430908203125,5,128,2,64,3,2000,0.003,0.001,0.33416964012836387,0.325104855780026,0.3149503988213806,0.5526689552887919,0.4052056670188904,0.5921331628336713,159.15927207464674,0.6690140845070423,0.8584607890322576,0.8501209361708232,0.8388447048974467,0.8900445033377782,0.5475022196769714,0.5918380783905407,219.6714463398873,0.9444444444444444,outputs\gothic\real\wine_abl_attn_hidden_64_seed42\wine_results.txt,outputs\gothic\real\wine_abl_attn_hidden_64_seed42\figures,outputs\gothic\real\wine_abl_attn_hidden_64_seed42\figures\wine_micro_graph.png,outputs\gothic\real\wine_abl_attn_hidden_64_seed42\figures\wine_train_test.png,,,,,,,,,,,,,,,,,,,,,,,,,,,,,,,
2026-02-15T12:09:38Z,wine,gothic,wine_abl_attn_hidden_128_seed42,cpu,42,balanced,0.8,none,100,64,64,13,5,3,50,500,0.6,529.5430908203125,5,128,2,128,3,2000,0.003,0.001,0.33416964012836387,0.325104855780026,0.3149503988213806,0.5526689552887919,0.4052056670188904,0.5921331628336713,159.15927207464674,0.6690140845070423,0.8584607890322576,0.8501209361708232,0.8388447048974467,0.8900445033377782,0.5475022196769714,0.5918380783905407,219.6714463398873,0.9444444444444444,outputs\gothic\real\wine_abl_attn_hidden_128_seed42\wine_results.txt,outputs\gothic\real\wine_abl_attn_hidden_128_seed42\figures,outputs\gothic\real\wine_abl_attn_hidden_128_seed42\figures\wine_micro_graph.png,outputs\gothic\real\wine_abl_attn_hidden_128_seed42\figures\wine_train_test.png,,,,,,,,,,,,,,,,,,,,,,,,,,,,,,,
2026-02-15T12:10:33Z,wine,gothic,wine_abl_attn_hidden_256_seed42,cpu,42,balanced,0.8,none,100,64,64,13,5,3,50,500,0.6,529.5430908203125,5,128,2,256,3,2000,0.003,0.001,0.33416964012836387,0.325104855780026,0.3149503988213806,0.5526689552887919,0.4052056670188904,0.5921331628336713,159.15927207464674,0.6690140845070423,0.8584607890322576,0.8501209361708232,0.8388447048974467,0.8900445033377782,0.5475022196769714,0.5918380783905407,219.6714463398873,0.9444444444444444,outputs\gothic\real\wine_abl_attn_hidden_256_seed42\wine_results.txt,outputs\gothic\real\wine_abl_attn_hidden_256_seed42\figures,outputs\gothic\real\wine_abl_attn_hidden_256_seed42\figures\wine_micro_graph.png,outputs\gothic\real\wine_abl_attn_hidden_256_seed42\figures\wine_train_test.png,,,,,,,,,,,,,,,,,,,,,,,,,,,,,,,
2026-02-15T12:11:04Z,wine,gothic,wine_abl_n_transformer_layers_1_seed42,cpu,42,balanced,0.8,none,100,64,64,13,5,3,50,500,0.6,529.5430908203125,5,128,2,64,1,2000,0.003,0.001,0.33416964012836387,0.325104855780026,0.3149503988213806,0.5526689552887919,0.4052056670188904,0.5921331628336713,159.15927207464674,0.6690140845070423,0.8584607890322576,0.8501209361708232,0.8388447048974467,0.8900445033377782,0.5475022196769714,0.5918380783905407,219.6714463398873,0.9444444444444444,outputs\gothic\real\wine_abl_n_transformer_layers_1_seed42\wine_results.txt,outputs\gothic\real\wine_abl_n_transformer_layers_1_seed42\figures,outputs\gothic\real\wine_abl_n_transformer_layers_1_seed42\figures\wine_micro_graph.png,outputs\gothic\real\wine_abl_n_transformer_layers_1_seed42\figures\wine_train_test.png,,,,,,,,,,,,,,,,,,,,,,,,,,,,,,,
2026-02-15T12:11:42Z,wine,gothic,wine_abl_n_transformer_layers_2_seed42,cpu,42,balanced,0.8,none,100,64,64,13,5,3,50,500,0.6,529.5430908203125,5,128,2,64,2,2000,0.003,0.001,0.33416964012836387,0.325104855780026,0.3149503988213806,0.5526689552887919,0.4052056670188904,0.5921331628336713,159.15927207464674,0.6690140845070423,0.8584607890322576,0.8501209361708232,0.8388447048974467,0.8900445033377782,0.5475022196769714,0.5918380783905407,219.6714463398873,0.9444444444444444,outputs\gothic\real\wine_abl_n_transformer_layers_2_seed42\wine_results.txt,outputs\gothic\real\wine_abl_n_transformer_layers_2_seed42\figures,outputs\gothic\real\wine_abl_n_transformer_layers_2_seed42\figures\wine_micro_graph.png,outputs\gothic\real\wine_abl_n_transformer_layers_2_seed42\figures\wine_train_test.png,,,,,,,,,,,,,,,,,,,,,,,,,,,,,,,
2026-02-15T12:12:27Z,wine,gothic,wine_abl_n_transformer_layers_3_seed42,cpu,42,balanced,0.8,none,100,64,64,13,5,3,50,500,0.6,529.5430908203125,5,128,2,64,3,2000,0.003,0.001,0.33416964012836387,0.325104855780026,0.3149503988213806,0.5526689552887919,0.4052056670188904,0.5921331628336713,159.15927207464674,0.6690140845070423,0.8584607890322576,0.8501209361708232,0.8388447048974467,0.8900445033377782,0.5475022196769714,0.5918380783905407,219.6714463398873,0.9444444444444444,outputs\gothic\real\wine_abl_n_transformer_layers_3_seed42\wine_results.txt,outputs\gothic\real\wine_abl_n_transformer_layers_3_seed42\figures,outputs\gothic\real\wine_abl_n_transformer_layers_3_seed42\figures\wine_micro_graph.png,outputs\gothic\real\wine_abl_n_transformer_layers_3_seed42\figures\wine_train_test.png,,,,,,,,,,,,,,,,,,,,,,,,,,,,,,,
2026-02-15T12:13:13Z,wine,gothic,wine_abl_n_transformer_layers_4_seed42,cpu,42,balanced,0.8,none,100,64,64,13,5,3,50,500,0.6,529.5430908203125,5,128,2,64,4,2000,0.003,0.001,0.33416964012836387,0.325104855780026,0.3149503988213806,0.5526689552887919,0.4052056670188904,0.5921331628336713,159.15927207464674,0.6690140845070423,0.8584607890322576,0.8501209361708232,0.8388447048974467,0.8900445033377782,0.5475022196769714,0.5918380783905407,219.6714463398873,0.9444444444444444,outputs\gothic\real\wine_abl_n_transformer_layers_4_seed42\wine_results.txt,outputs\gothic\real\wine_abl_n_transformer_layers_4_seed42\figures,outputs\gothic\real\wine_abl_n_transformer_layers_4_seed42\figures\wine_micro_graph.png,outputs\gothic\real\wine_abl_n_transformer_layers_4_seed42\figures\wine_train_test.png,,,,,,,,,,,,,,,,,,,,,,,,,,,,,,,
2026-02-15T12:14:37Z,wine,gothic,wine_abl_n_transformer_layers_6_seed42,cpu,42,balanced,0.8,none,100,64,64,13,5,3,50,500,0.6,529.5430908203125,5,128,2,64,6,2000,0.003,0.001,0.33416964012836387,0.325104855780026,0.3149503988213806,0.5526689552887919,0.4052056670188904,0.5921331628336713,159.15927207464674,0.6690140845070423,0.8584607890322576,0.8501209361708232,0.8388447048974467,0.8900445033377782,0.5475022196769714,0.5918380783905407,219.6714463398873,0.9444444444444444,outputs\gothic\real\wine_abl_n_transformer_layers_6_seed42\wine_results.txt,outputs\gothic\real\wine_abl_n_transformer_layers_6_seed42\figures,outputs\gothic\real\wine_abl_n_transformer_layers_6_seed42\figures\wine_micro_graph.png,outputs\gothic\real\wine_abl_n_transformer_layers_6_seed42\figures\wine_train_test.png,,,,,,,,,,,,,,,,,,,,,,,,,,,,,,,
